name,uid,in_trash,category,fody_ingredient_lines
Baked Low FODMAP Chicken Wings,0975D54D-9237-4387-A098-59523191B57C,1,ingredients,4 tsp Fody Low FODMAP Taco Spice Blend
"Cheesy Low FODMAP Beef & Pasta, One-Pan Style",F53E8EC8-1443-4912-8AC1-C4963F0E490D,1,ingredients,1 ½ cups Fody Low FODMAP Marinara Sauce | 1 ½ tsp Fody Low FODMAP Vegetable or Low FODMAP Chicken Soup Base
Citrus & Herb Crisp Whole Roast Low FODMAP Turkey,0A2ACC22-F1C5-4646-8E79-AC75F5577E78,1,ingredients,1 tsp Fody Low FODMAP Garlic Infused Oil | 1 tbsp Fody Low FODMAP Lemon & Herb Seasoning
Easy 20 Minute Tofu Burgers,6B0FFBA7-0B97-41C9-B699-3FD224969E50,0,optional_mention_in_ingredients,BBQ sauce (FODY makes a low fodmap version)
Easy Low FODMAP Shakshuka,6075124A-13DC-48F6-A017-DBD92C67D807,0,ingredients,2 cups Fody Foods Low FODMAP Arrabbiata Sauce (about 1 jar)
Fody Cran-Raspberry Low FODMAP Mimosa,52320EC2-9622-4AF3-BAF8-33077079AD74,1,name,
Fody Easy Weeknight Low FODMAP Teriyaki Chicken,C4B40D0D-3C50-4596-88DB-D5D25D1C3BCE,1,ingredients,"2/3 cup Fody Teriyaki Sauce & Marinade, divided"
FODY Low FODMAP Bacon & Olive Pasta,E93D001B-D67F-4F9B-B275-7BF130B0AAB8,1,ingredients,1 jar of Fody Marinara Sauce
Fody Low FODMAP Cornmeal Blueberry Pancakes,BAF27532-1034-48DF-AEBB-F03D3B7E5044,1,name,
Fody Low FODMAP Matzah Ball Soup,A8CF02A7-9C2C-4E3C-BF11-FF28AB495C9C,1,ingredients,6 tbsp Fody Low FODMAP Chicken Soup Base
Fody Low FODMAP Salsa Quinoa Egg Cups,953B8B70-FD86-48AD-A9E4-C24A15941377,1,ingredients,"¼ cup FODY Salsa, Mild or Medium"
Fody Salsa & Tortilla Low FODMAP Vegetable Soup,F30FE688-C535-4335-A8E7-7CCFFEF12653,1,ingredients,"2 tbsp Fody Shallot-Infused Olive Oil | One, 16-oz jar Fody Salsa (I like Medium) | 2 tbsp Fody Vegetable Soup Base"
Fody's Air Fryer BBQ Chicken Wings with Ranch Dip,8A114F96-AD9B-4BD0-8AF2-FD29ACBAD18F,1,ingredients,2 tbsp Fody’s Garlic Infused Olive Oil | ½ cup Fody’s Original BBQ sauce | 1 tbsp Fody’s Shallot Infused Olive Oil | 1 tbsp Fody’s Garlic Infused Olive Oil | 2-4 tbsp Fody’s Ranch Seasoning depending on preference
"Fody's Arugula, Prosciutto & Melon Low FODMAP Salad",57DCAB6D-9810-4521-A414-B118D98ECCFA,1,ingredients,Fody Garden Herb Low FODMAP Salad Dressing
Fody's Asian BBQ Low FODMAP Pork Kebabs,15A783FF-1D65-4D8C-B0D2-590764C53074,1,ingredients,"½ cup Fody Sesame Ginger Low FODMAP Marinade, divided | ½ cup Fody Low FODMAP BBQ Sauce"
Fody's Asian Noodle Low FODMAP Soup with Tofu,EAF6FDC4-C56A-4FC7-B0BC-F231D6DB48B9,1,ingredients,2 tbsp Fody Low FODMAP Garlic-Infused or Shallot Infused Olive Oil | 2 tbsp Fody Low FODMAP Chicken or Vegetable Soup Base
Fody's Aubergine Rollatini with Vegan Bolognese,F026211B-6EE7-404A-872A-B9D342BE6891,1,ingredients,1 cup Fody Foods Vegan Bolognese sauce | 2 tsp Fody Foods Garlic Infused Olive Oil | 2 tsp Fody Foods Shallot Infused Olive Oil
Fody's Baby Back Rib Recipe with Low FODMAP BBQ Sauce,82051872-E821-4DDF-B010-FA820F2A8B91,1,ingredients,3 to 4 tbsp Fody Garlic-Infused low FODMAP Olive Oil | 1 cup Fody BBQ Sauce
Fody's Bacon Sheet Pan Breakfast Bake,26CA68F7-CB6E-4AD9-853E-6D1786EC3D13,1,ingredients,¼ cup Fody's BBQ Sauce | 2 tbsp Fody's Garlic-Infused Olive Oil
Fody's Baked Chicken Fajita Taquitos,209D7BB8-94BE-40B2-975E-1857AF0B9673,1,ingredients,1 Tbsp Fody's Taco Seasoning | ¼ cup Fody's Taco Sauce | ½ cup Fody's Medium Salsa
Fody's Baked Chicken Parm with Spicy Marinara Penne,E53ECE45-FE7F-41AD-9CC3-14343569B5B3,1,ingredients,2 tbsp Fody's shallot-infused olive oil | 4 tbsp Fody's Spicy Marinara Sauce | 1 cup Fody's Spicy Marinara Sauce
Fody's Baked Chicken Parmesan with Caesar Salad,F99FA8C1-BDEB-4D7B-B7C9-F5B0465383F2,1,ingredients,2 cups Fody’s Marinara Sauce | 1-2 Tbsp Fody’s Garlic-Infused Olive Oil | ½ cup Fody’s Caesar Salad Dressing
Fody's Baked Honey BBQ Chicken Wings,3D153A2D-EE35-4C55-A1B3-1F054CF26082,1,ingredients,2 Tbsp Fody’s Shallot Olive Oil | ¾ cup Fody’s Original BBQ Sauce
Fody's Balsamic Glazed Caprese Chicken with Avocado,F44E64DB-06B0-469C-89A7-F8991A41BDFF,1,ingredients,"1 cup Fody Balsamic Vinaigrette, divided"
Fody's BBQ Beer Low FODMAP Short Ribs,6ABC7EA1-8B38-4300-8893-C7400FEFF164,1,ingredients,"Fody Low FODMAP Steak Seasoning | 2 tbsp Fody Garlic-Infused Low FODMAP Olive Oil | 1, 12-oz bottle Fody Low FODMAP BBQ sauce | 1 cup Fody Marinara Low FODMAP Pasta Sauce"
Fody's BBQ Buddha Bowl With Sweet Potato,F1242FC0-B7F9-47EE-8E78-EC30F597D87D,1,ingredients,¼ cup Fody’s Original BBQ Sauce | 1 tbsp Fody’s Everyday Seasoning
Fody's BBQ Chicken Cobb Salad,3FE3F910-7B0A-4B5C-ADA0-6369D08BED1E,1,ingredients,½ cup Fody’s Original BBQ Sauce | ½ cup Fody’s Garden & Herb Salad Dressing
Fody's BBQ Chicken Pizza,54EFA298-AD22-4A33-92A5-3F10DA822A61,1,ingredients,"1/2 cup Fody Low FODMAP BBQ Sauce, divided | 1 tsp Fody Garlic-Infused Olive Oil plus extra"
Fody's BBQ Chicken Salad with Coriander Lime Dressing,5220833C-C20B-4E0C-823A-A3F11F303280,1,ingredients,½ cup Fody's Original BBQ Sauce | 1 Tbsp Fody's Shallot Olive Oil
Fody's BBQ Chicken Salad Wraps,BF60D3F4-9E1F-4C96-9F4A-7AC07D9AE28B,1,ingredients,¼ cup Fody’s BBQ Sauce | ½ cup Fody’s Garden & Herb Dressing
Fody's BBQ Corn Salad,3E8C8B9F-F882-4C1D-9F61-4CD99B1E5A19,1,ingredients,"2 tbsp Fody’s Shallot Infused Olive Oil, divided | 2 tbsp Fody’s Original BBQ Sauce"
Fody's BBQ Tempeh Sandwich with Parsnip Fries,188FCE5F-9033-48FF-BDA8-80852D6AE85F,1,ingredients,1 of Fody's original BBQ sauce | 1 Tbsp Fody's garlic olive oil | 2 Tbsp Fody's ketchup
Fody's BBQ Tofu Skewers with Pineapple Salsa & Coriander Lime Rice,E16CA99F-41E1-4868-9804-795D4FE6D5C4,1,ingredients,"2 tbsp Fody Foods Shallot Infused Olive Oil | 1-2 tbsp Fody Foods Steak Seasoning, to taste | ¾ cups Fody Original Ketchup | 2 tsp Fody Foods Shallot Infused Olive Oil"
Fody's BLT Grilled Cheese with Pesto Ranch Dip,8152AD80-21E2-4574-B00A-F4A4528C7A72,1,ingredients,2 tbsp Fody's shallot oil | 1 tbsp Fody's ranch seasoning
Fody's Breakfast Tacos with Bacon & Avocado,A0E7F9CC-1593-490C-93CC-C60790FD3ACA,1,ingredients,1 Tbsp Fody’s Shallot Infused Olive Oil | 1 cup Fody’s Mild Salsa
Fody's Broiled Lobster with Creamy Tomato Polenta,A2D7C094-157E-4EC8-AC55-F694C350AF73,1,ingredients,1 Tbsp + ½ tsp Fody’s Garlic-Infused Olive Oil | 1 cup Fody’s Premium Tomato Basil Pasta Sauce
Fody's Buckwheat Burgers with Spring Vegetable Salad,27031FB3-B1D9-4A74-8F9B-0055C541A897,1,ingredients,"¼ cup Fody Garlic-Infused Olive Oil, divided | 1 tsp Fody Steak Seasoning | Fody French Salad Dressing"
Fody's Cheesy Bruschetta Toast,6ECE691C-E97D-4C64-966B-762DC353EFE7,1,ingredients,1 cup Fody’s Marinara | 1 Tbsp Fody’s Garlic Infused Olive Oil
Fody's Cheesy Chicken and Rice Skillet,6374FEA5-449A-429A-884C-1DE97963F69F,1,ingredients,1-2 tbsp Fody's Low FODMAP Garlic-Infused Olive Oil | ½ cup Fody Salsa Verde | 1 tsp Fody’s Taco Seasoning
Fody's Cheesy Gordita Crunch Copycat,F9CF13C7-561E-4EA2-9F3D-39CF96763CBA,1,ingredients,1 tbsp Fody’s Taco Seasoning | ⅓ cup Fody’s Taco Sauce | Fody’s Mild Salsa | ¼ cup Fody’s Garden Herb Dressing
Fody's Chicken and Quinoa FODMAP Soup,41F917A9-CE1F-4381-9B59-083D7355FE29,1,ingredients,1 tbsp + 1 tsp of Fody Low FODMAP Chicken Soup Base
Fody's Chicken Caesar Pasta Salad,A77C34C7-061E-47D1-B93D-C1260B559557,1,ingredients,½ cup Fody Low FODMAP Caesar Dressing | 1 Tbsp Fody Low FODMAP Shallot-Infused Olive Oil
Fody's Chicken Caesar Salad Wraps,71BAC288-C9BB-461F-BB2A-A04E1676C034,1,ingredients,2 tsp Fody Garlic-Infused Olive Oil | 1/2 cup Fody Caesar Salad Dressing
Fody's Chicken Meatball Low FODMAP Soup,8F09EA16-518B-45B8-877A-4E595ED67CEB,1,ingredients,"2 tbsp Fody Low FODMAP garlic-infused olive oil | ½ tsp Fody Lemon Herb Seasoning, divided | 1 ½ tbsp Fody Low FODMAP chicken soup base"
Fody's Chicken Parmesan Meatballs,7C89A27B-4EC0-4752-BFBC-65789F58C88B,1,ingredients,1 jar of Fody’s Tomato Basil Sauce | 1 Tbsp Fody’s Garlic-Infused Olive Oil
Fody's Chicken Parmesan with Roasted Vegetable Sauce,370BCBF4-1E90-4833-823A-928B03E4C495,1,ingredients,2 jars Fody's Low FODMAP Marinara Sauce
Fody's Chicken Tostadas with Low FODMAP Original BBQ Sauce,115607C2-6118-4D21-8D67-0C8EFC560C8B,1,ingredients,"¾ cup Fody Original BBQ Sauce, divided"
Fody's Chipotle Veggie Wrap,0D601B38-1FB9-4F18-94D5-1C215FAD2BFB,1,ingredients,"3 tsp Fody's Taco Seasoning, divided | ½ cup Fody's Medium Salsa, divided"
Fody's Chocolate Peppermint Glazed Gluten-Free Donuts,2738EC24-D8F1-447E-9C9D-7A7CBAC6D61D,1,name,
Fody's Chocolate Peppermint Truffles,71A5A859-76D1-45B4-BFBC-2BA5A514E880,1,name,
Fody's Chopped Italian Salad Flatbread,2D132D0A-4D20-445B-BC71-5280F749C87F,1,ingredients,½ cup Fody’s Marinara Sauce | 1 Tbsp Fody’s Garlic-Infused Olive Oil | ½ cup Fody’s Garden & Herb Dressing
Fody's Coconut Chicken Strips with Low FODMAP BBQ Sauce,FE7F66E2-E6BE-4093-8B93-46062C51DE35,1,ingredients,"1 tbsp Fody low FODMAP BBQ Sauce, plus extra for dipping"
Fody's Coconut Snowman Low FODMAP Pancakes,F4ED258E-80CA-4E4F-A391-118CB5811767,1,name,
Fody's Confetti Cupcakes,B3CFD2F1-9CB2-4E23-BD4B-9483352E15C7,1,name,
Fody's Cozy Vegetable Stew,BAE9C81B-033E-4766-A60E-791228218079,1,ingredients,1/4 cup Fody's shallot-infused olive oil | 4 cups Fody's vegetable soup base | 1 jar Fody's vegan bolognese
Fody's Creamy Garden and Herb Low FODMAP Coleslaw,B4F3A678-E0B2-45D3-9D01-951E0C9BADA3,1,ingredients,1/3 cup Fody Garden Herb Low FODMAP Dressing
Fody's Creamy Low FODMAP Penne with Spinach and Mushrooms,0343F173-BAC6-43AB-B2F8-494B1463C9AF,1,ingredients,2 tbsp Fody’s Garlic-Infused Olive Oil | 1 ½ cups Fody’s Low FODMAP Tomato Basil Pasta Sauce
Fody's Creamy Salsa Low FODMAP Chicken Salad Sandwiches,16C02F8A-BD1D-4784-A4D2-8167E3C36A6F,1,ingredients,"2 tbsp Fody Low FODMAP Chicken Soup Base | 1 cup Fody Salsa, Mild or Medium"
Fody's Creamy Tomato Pasta with Basil and Spinach,9E1D4F47-1B56-44C1-948C-661932EDC721,1,ingredients,2 cups Fody’s Tomato Basil Sauce | 1 Tbsp Fody's Garlic-Infused Olive Oil | ¼ cup Fody’s Balsamic Vinaigrette
Fody's Crispy Baked Turkey Tacos,67795AE9-2766-4093-89C6-CA54E39D6A63,1,ingredients,"1 Tbsp Fody’s Taco Seasoning | 1 Tbsp Fody’s Shallot-Infused Olive Oil | ¼ cup Fody’s Taco Sauce | Fody’s Medium Salsa, for serving"
Fody's Crispy Lemon Pepper Potato Wedges with Ketchup,C8DD3DF4-2C8E-4313-9982-0BF4509BE083,1,ingredients,2 Tbsp Fody’s Shallot-Infused Olive Oil | 1 Tbsp Fody’s Lemon & Herb Seasoning | ¼ cup Fody’s Ketchup
Fody's Crispy Shredded Chicken Tacos with Mild Salsa,DF9151F8-F0C0-4B2E-B565-5FD17D73E4B8,1,ingredients,"1 Tbsp Fody’s Taco Seasoning | 1 Tbsp Fody’s Shallot-Infused Olive Oil | Fody’s Mild Salsa, for serving"
Fody's Crockpot Lemon Chicken Orzo Soup,F9833919-7B17-480D-BAEA-3B7AFAF2F249,1,ingredients,1 Tbsp Fody's Garlic Infused Olive Oil | 1½ tsp Fody's Everyday Seasoning | 3 Tbsp Fody's Chicken Soup Base Seasoning
Fody's Crockpot Pizza Soup,B722F84B-5F43-4120-8255-D699E7498F25,1,ingredients,2 Tbsp Fody’s Garlic-Infused Olive Oil | 1 Tbsp Fody’s Chicken Soup Base | 1 jar Fody’s Vegan Bolognese Sauce
Fody's Crunchy Air Fryer Fish Sticks With Low FODMAP Maple Dijon Dip,C049B51B-5213-472C-B183-DD9D676C1A1F,1,ingredients,1 cup Fody Maple Dijon Salad Dressing
Fody's Curry BBQ Low FODMAP Turkey Burgers,F3A03DEA-505C-462F-9DA4-46D35F4615A6,1,ingredients,"1 tbsp Fody Low FODMAP Garlic-Infused Olive Oil, plus extra | 2 tsp Fody Low FODMAP BBQ Sauce | ½ cup Fody Low FODMAP BBQ Sauce"
Fody's Dark Chocolate Chip Whiskey Low FODMAP Snack Bars,7884FB1B-5DA8-439A-88FA-AB070A33A3DD,1,name,
Fody's Double-Baked Vegan Stuffed Potatoes,DC733622-30BA-4008-A1A1-0AF31CD9D312,1,ingredients,2 tbsp Fody Shallot-Infused Olive Oil | 1 cup Fody Vegan Bolognese
Fody's Dutch Baby Style Pancakes,741EE187-BD2B-476F-A4AC-FADEA6CAE39B,1,name,
Fody's Easy Crockpot Lasagna Soup,37E72D69-822C-4255-8181-6DAD82EE2F84,1,ingredients,1 Tbsp + 1 tsp Fody’s Vegetable Soup Base | 1 Tbsp Fody’s Garlic-Infused Olive Oil | 1 jar Fody’s Marinara Sauce
Fody's Easy Gluten-Free Courgette Brownies,2D922205-4E84-4F57-A56C-8E40270119E8,1,name,
Fody's Easy Green Chicken Enchiladas,960CFAA0-FF09-432E-B244-A585B76E4C09,1,ingredients,"2, 8.5-oz bottles Fody Green Enchilada Low FODMAP Sauce, divided | 1 tbsp Fody Garlic-Infused Low FODMAP Olive Oil | 1 tbsp Fody Shallot-Infused Low FODMAP Olive Oil"
Fody's Easy Low FODMAP Gazpacho,B815699D-68AF-401B-915C-F90B62D48353,1,ingredients,1 tbsp Fody Shallot-Infused Olive Oil | 1 tbsp Fody Garlic-Infused Olive Oil
Fody's Easy Low FODMAP Gravy,DF6290F4-C434-4B0A-B794-87F85C2B8FA3,1,ingredients,4 tsp Fody Chicken Soup Base | Pinch Fody Lemon & Herb Seasoning
Fody's Easy Pulled Pork Sandwiches,DF276316-FE71-437A-812E-4F0FD41769DE,1,ingredients,2 bottles Fody Original BBQ Sauce | 2 tsp Fody Shallot-Infused Olive Oil
Fody's Easy Quesadillas With Lentils,82FDB9EA-3C1B-48A0-BF2F-5E74D5DA15E9,1,ingredients,Fody Mild Salsa | Fody Low FODMAP Garlic-Infused Olive Oil
Fody's Easy Seasoned Shredded Chicken Quesadillas,37C72E10-39A3-4D0B-B7A4-7649F08278BA,1,ingredients,1 Tbsp Fody’s Shallot Infused Olive Oil | 1 Tbsp Fody’s Taco Seasoning | 1 cup Fody's Medium Salsa
Fody's Easy Tomato Soup + Grilled Cheese,8CC0E4C8-9DB6-462C-9794-380DB2D57814,1,ingredients,2 cups Fody’s Tomato Basil Sauce | 2 tbsp Fody’s Garlic-Infused Olive Oil | Fody’s Garlic-Infused Olive Oil for pan
"Fody's Frisée Salad with Blue Cheese, Cranberries & Walnuts",CBCBA329-FE9E-47F2-A855-E6C5DD5A0C2C,1,ingredients,Fody Low FODMAP Garden Herb Salad Dressing
Fody's Garlic & Maple Roasted Kabocha Squash,3F38E228-3AE4-4945-9957-9809AB6B0321,1,ingredients,2 1 Fody Low FODMAP Garlic-Infused Olive Oil
Fody's Ginger Orange Berry Pecan Low FODMAP Crumble,FC99C42A-8F4E-406C-A7C3-AA954382764C,1,name,
Fody's Gluten-Free Apple Cinnamon Muffins with Walnuts and Raisins,759B3524-2C45-4E11-AB44-5005FAEDCA9E,1,name,
Fody's Gluten-Free Baked Funfetti Donuts,0C9225BD-201F-4FFA-8380-4EC8E0A6A62C,1,name,
Fody's Gluten-Free Chicken Caesar Wraps,71961A1D-2E7F-4FD9-9F23-FC33CE9AFA11,1,ingredients,3 tbsp Fody Original Low FODMAP BBQ Sauce | 2 tsp Fody Garlic-Infused Olive Oil | 1/2 cup Fody Caesar Salad Dressing
Fody's Gluten-Free Gnocchi,FEA5DF57-4E07-4F7E-AC79-A0882C6EFAEC,1,ingredients,"1, 19.4-oz jar of Fody Pasta Sauce - Marinara, Tomato & Basil or Arrabbiata"
Fody's Gluten-Free Lasagna with Spinach,AFF33E98-72DD-4674-99E9-DC2873EBF2CA,1,ingredients,1 19.4oz jar Fody Low FODMAP Tomato & Basil Pasta Sauce | 3 tsp Fody Low FODMAP Garlic Infused Olive Oil
Fody's Gluten-Free Margherita Pizza,DE804C3E-AF6A-4F5C-8221-144440FD3A4E,1,ingredients,½ cup Fody’s Tomato Basil Sauce | 1 Tbsp Fody’s Foods Garlic-Infused Olive Oil
Fody's Gluten-Free Mini Crab Cakes with Maple Dijon Dip,AE30EF47-DB7D-4DCB-A800-A8788BBFAF73,1,ingredients,"1 tsp Fody Lemon Herb Seasoning | 2 tbsp Fody Garlic-Infused Olive Oil, divided | Fody Maple Dijon Dressing"
Fody's Gluten-Free Pasta Salad with Creamy Balsamic,0DA59DC6-F206-47A4-9A78-4628B65E532B,1,ingredients,¾ cup Fody Balsamic Vinaigrette
Fody's Gluten-Free PB & J Bars,B503C21D-6011-466B-9621-C49E82C6D43D,1,name,
Fody's Gluten-Free Pumpkin Spice Bread with Cream Cheese Glaze,524C8C18-CFBA-4DEF-9B6C-3E1668AFB2D0,1,name,
Fody's Gluten-Free Teriyaki Tofu Bowl,59174054-E2E2-4838-8E9E-05BBD6742718,1,ingredients,"½ cup Fody Teriyaki Sauce & Marinade | ¼ cup Fody Garlic-Infused Olive Oil, divided"
Fody's Greek Chickpea Salad with Feta,4D65B318-A7D1-4C87-9ECD-F748398963B6,1,ingredients,¼ cup Fody’s Garden & Herb Dressing
Fody's Greek-Inspired Low FODMAP Chicken,FD733C3F-FC0E-4A62-A4D7-B7C10C2EFF6B,1,ingredients,3 tbsp Fody Garlic-Infused Olive Oil | ½ cup Fody Marinara Sauce
Fody's Grilled Low FODMAP Fruit Skewers,5B613871-C5B1-40DB-8494-7D83565802B2,1,name,
Fody's Grilled Panzanella Low FODMAP Vegetable Salad with Chicken,28A4CA4C-EA0B-49B1-B057-91478891CAB7,1,ingredients,"1 Fody Garlic-Infused Low FODMAP Olive Oil, plus extra | Fody Low FODMAP Garden Herb Dressing"
Fody's Grilled Pineapple Low FODMAP BBQ Chicken,3BCB56E9-D847-4158-84B4-F8F48C345EFC,1,ingredients,"1, 12-oz bottle Fody Low FODMAP BBQ Sauce | 2 tbsp Fody Garlic-Infused Low FODMAP Olive Oil"
Fody's Grilled Shrimp Tacos With Salsa Verde,174B81D2-98CD-4CC1-9912-515D956BCEB4,1,ingredients,2 tsp Fody Garlic-Infused Low FODMAP Olive Oil | 1 tsp Fody Taco Seasoning | ½ cup Fody Salsa Verde
Fody's Grilled Steak Tacos with Pico de Gallo,20EC7E2E-B972-421A-8FE2-73F9684DF86D,1,ingredients,"2 Tbsp Fody’s Garlic-Infused Olive Oil | 1 Tbsp Fody’s Taco Seasoning | ½ cup Fody’s Medium Salsa, for serving"
Fody's Grilled Vegetable & Goat Cheese Low FODMAP Pizza,5971E7E3-09EF-4E1C-BE36-5EF324AECE18,1,ingredients,"4 to 6 tbsp Fody Garlic-Infused Olive Oil, divided, plus extra"
Fody's Grilled Vegetables,ABE59F70-DDEF-4C44-A21E-74EC720F4092,1,ingredients,1 cup Fody's Low FODMAP Garden Herb Salad Dressing
Fody's Ground Beef Taco Cups,659DF36A-CC6A-4CFF-8DD0-90A72E74F894,1,ingredients,"1 Tbsp Fody’s Taco Seasoning | 1 Tbsp Fody’s Shallot-Infused Olive Oil | 1-2 Tbsp Fody’s Taco Sauce | Fody’s Medium Salsa, for serving"
Fody's Gut-friendly Greek Pizza with Feta,06329AC8-314C-41E4-A933-A2CA3D01CF83,1,ingredients,½ cup Fody’s Vegan Bolognese | 1 Tbsp Fody’s Garlic-Infused Olive Oil
Fody's Gut-Friendly Grilled Romaine Taco Salad with Corn,F1ACEEF2-15FC-45FB-BDE1-2AEB6B49003C,1,ingredients,2 Tbsp Fody Shallot-Infused Olive Oil | ¼ cup Fody Medium Salsa | 2 Tbsp Fody Shallot-Infused Olive Oil
Fody's Healthy Grilled Pineapple Salsa Recipe,E18E58D6-4B73-4EA8-8074-71326C6FA3C8,1,ingredients,2 tbsp Fody Shallot-Infused low FODMAP Olive Oil
Fody's Hearty Beanless Chili,B4AFDF26-7827-42B2-A193-138FABF9AA51,1,ingredients,2 tsp Fody Low FODMAP Vegetable Soup Base | 1 ½ tsp Fody Low FODMAP Taco Seasoning
Fody's Hearty Low FODMAP Vegetable Soup,EAF833D6-307C-4BB3-A6D4-98B0D5B5A0CF,1,ingredients,3 tbsp Fody Garlic-Infused Olive Oil | 3 tbsp Fody Chicken Soup Base | 1 cup Fody Tomato Basil Pasta Sauce
Fody's Homemade Beef Meatballs with Salsa Verde,DCC1980E-BA3E-46FF-8616-69BF7D52E1D3,1,ingredients,1 Tbsp Fody’s Taco Seasoning | 1-2 Tbsp Fody’s Shallot-Infused Olive Oil | 1 cup Fody’s Salsa Verde
Fody's Homemade Pork Dumplings with Teriyaki Sauce,1D49A876-FF09-4432-ABE8-052F953F38FE,1,ingredients,"¾ cup Fody's Low FODMAP Teriyaki Sauce, divided"
Fody's Homemade Ramen Soup,3B3989C7-062F-45F2-A35D-BA3C992F69B2,1,ingredients,1 Tbsp Fody's Garlic-Infused Olive Oil | 1 tsp Fody's Everyday Seasoning | 2 tsp Fody's Vegetable Soup Base
Fody's Italian Marinated Low FODMAP Chicken Thighs with Crispy Potato Wedges,FAB7560A-EC6F-4303-8D8C-30C253F50A30,1,ingredients,2 Tbs. Fody Low FODMAP Ketchup | ¼ c. Fody Garlic-Infused Low FODMAP Olive Oil | 3 Tbs. Fody-Garlic Infused Low FODMAP Olive Oil | 1-2 cups prepared Fody Vegetarian Soup Base
Fody's Italian Quesadilla Recipe with Pepperoni and Spicy Marinara,FA7755B4-000B-41B8-B546-E35203F35B8B,1,ingredients,1 Tbsp Fody’s Garlic-Infused Olive Oil | 1 cup Fody’s Spicy Marinara Sauce (for dipping)
Fody's Italian-Inspired Sheet Pan Low FODMAP Chicken & Beans,16981F4A-A1BA-4E5C-8D76-ADF43135A508,1,ingredients,2 tbsp Fody Garlic-Infused Olive Oil | 1 tsp Fody Lemon Herb Seasoning | 1 cup Fody Marinara Pasta Sauce
Fody's Jalapeño Popper Burgers,B77B298D-C0E3-4422-881D-BC92D09A89DE,1,ingredients,1 tbsp Fody’s Steak Seasoning | 1 tbsp Fody’s Shallot Infused Olive Oil | Fody’s Ketchup for serving
Fody's Kale Salad with Lentils & Roasted Pepitas,3CA5225D-AA37-4AAF-ACB9-84B13344035E,1,ingredients,"2 tbsp plus 1 Fody Low FODMAP Garlic-Infused Olive Oil, divided | 3 Fody Low FODMAP Lemon Herb Seasoning, divided"
"Fody's Kale Salad with Sprouts, Smoked Gouda & Apples",71778BB9-43BE-4FEB-9EF6-DFC8E4677230,1,ingredients,Fody Maple Dijon low FODMAP Dressing
Fody's Key Lime Cheesecake Bars with Gluten-Free Granola Crust,B17455DB-0D26-418F-A02C-4B5EA22AF281,1,ingredients,"2 Fody Almond Coconut Granola Bars, crumbled"
Fody's Korean-Inspired Tofu with Cucumber Veggie Salad,8A584AA8-81FF-4A0C-B1CB-0D34BC0DF4DB,1,ingredients,1 tbsp Fody’s Shallot Infused Olive Oil | 1 tbsp Fody’s Steak Seasoning | 1/2 cup Fody’s Original Ketchup | 2 tsp Fody’s Shallot Infused Olive Oil
Fody's Lasagna Courgette Boats,5009FAF6-D88B-41FA-8530-B94AEF427030,1,ingredients,1 Tbsp Fody's Garlic Infused Olive Oil | 2 cups Fody's Vegan Bolognese Sauce
Fody's Layered Low FODMAP Taco Dip,0C71A137-C3A1-4F0A-A841-ACAA23A6F3B6,1,ingredients,1 tsp Fody Low FODMAP Taco Seasoning | 2 tsp Fody Low FODMAP Taco Sauce
Fody's Leftover Turkey Low FODMAP Shepherd’s Pie,6F4A7BE8-A4DC-4E29-9354-4B407088DA4D,1,ingredients,2 tsp Fody Low FODMAP Chicken Soup Base | 1/4 cup Fody Low FODMAP Shallot-Infused Olive Oil or Fody Low FODMAP Garlic-Infused Olive Oil | 1 tsp Fody Low FODMAP Lemon Herb Seasoning
Fody's Lemon Herb Chicken with Tomato Basil Pasta,DDCEE423-76BC-42DE-AA2E-14A2F977042F,1,ingredients,1 Tbsp Fody’s Lemon & Herb Seasoning | 2 Tbsp Fody’s Garlic-Infused Olive Oil | 1 jar Fody’s Tomato Basil Sauce
Fody's Lemon Herb Low FODMAP Chicken & Harvest Vegetables,6855FBFF-1A15-40EC-8CE3-077FF3D67E70,1,ingredients,¼ cup Fody Low FODMAP Shallot-Infused Oil | ¾ tsp Fody Low FODMAP Lemon Herb Seasoning
Fody's Lemon Poppy Low FODMAP Muffins,39372923-068B-460D-BA28-105F890F73C9,1,name,
Fody's Lemon-Blueberry Low FODMAP Pie,61A5764B-50AD-41AC-B0FD-D652270F6C6F,1,name,
Fody's Lettuce Wrapped Low FODMAP Teriyaki Burger,502C3378-92D7-4319-AACF-E855A2869F28,1,ingredients,"1/3 to ½ cup Fody Low FODMAP Teriyaki Sauce & Marinade, divided | 2 tsp Fody Low FODMAP Shallot-Infused or Garlic-Infused Olive Oil"
Fody's Loaded Ground Beef Tostadas,3C3CDFCE-8A25-4ECC-9213-26468A353708,1,ingredients,"1 Tbsp Fody’s Taco Seasoning | 1 Tbsp Fody’s Shallot-Infused Olive Oil | 1 cup Fody’s Mild Salsa, for serving"
Fody's Loaded Salsa Verde Chicken Nachos with Pickled Jalapeño Crema,F302EFDC-5BFA-4E17-A3C4-89386CC255F3,1,ingredients,"1 1/2 Fody Salsa Verde, divided"
Fody's Loaded Spicy Chicken Nachos,21879944-6466-4B2F-9641-9E1C9B92B53F,1,ingredients,1 Tbsp Fody’s Taco Seasoning | ½ cup Fody’s Medium Salsa
Fody's Loaded Veggie Pasta with Mozzarella,6E2D89B9-69BF-4180-90AE-FEAEF5C21E81,1,ingredients,2 cups Fody's Spicy Marinara Sauce | 1 Tbsp Fody's Garlic-Infused Olive Oil
Fody's Low FODMAP Arrabbiata Pasta Sauce with Sausage & Broccolini,2DB31307-9D0E-4F56-8BC7-25F14B0B23D3,1,ingredients,"2 tbsp Fody Low FODMAP Garlic-Infused Olive Oil | 1, 19.4 oz jar Fody Arrabbiata Pasta Sauce"
Fody's Low FODMAP Aubergine Parmesan Casserole,2645FD83-6CCE-4F22-8782-A9A61B440A23,1,ingredients,"Fody Garlic-Infused Low FODMAP Olive Oil | 1, 19.4-oz jar Fody Tomato Basil Pasta Sauce"
Fody's Low FODMAP Aubergine Rollatini,8797DC44-2FBE-44BA-AD96-AA9EFC4662C2,1,ingredients,"¼ cup Fody Low FODMAP Shallot-Infused Olive Oil, divided | 1, 19.5-oz oz jar Fody Low FODMAP Pasta Sauce"
Fody's Low FODMAP BBQ Chicken Stuffed Potatoes,D5BF0AB7-A035-43A9-B756-84B8743B1562,1,ingredients,"1 tsp Fody’s Low FODMAP Garlic-Infused Olive Oil, divided | ¼ cup Fody’s Original BBQ Sauce | ⅛ tsp Fody’s Vegetable or Chicken Soup Base"
Fody's Low FODMAP Berry & Yogurt Breakfast Parfait,0CF47370-EC98-4CD8-B7F3-907F398520A8,1,ingredients,"2 Fody Blueberry Almond Bars, crumbled or chopped (see Tips)"
Fody's Low FODMAP Berry Cobbler,5C3CFFEB-9E77-4A43-90AA-54FBF7F98037,1,name,
Fody's Low FODMAP Berry Trifle,2C72524F-F91D-4B97-BC74-C08046CBEFDA,1,name,
Fody's Low FODMAP Blueberry Yogurt Almond Crunch Pops,C4D9AF2C-B7E0-4B1D-9937-C20D9B5B230C,1,ingredients,"Two Fody Blueberry Almond Snack Bars, divided"
Fody's Low FODMAP Carrot Potato Soup,8E77A7F8-523E-47B8-85B6-8DD83336525A,1,ingredients,3 tbsp Fody Low FODMAP Garlic or Shallot-Infused Olive Oil | 1 tbsp Fody Low FODMAP Chicken Soup Base | ½ tsp Fody Low FODMAP Lemon Herb Seasoning | Fody Low FODMAP Garlic or Shallot-Infused Olive Oil
Fody's Low FODMAP Chef's Salad,F9CD9812-7DD7-4ABA-AB65-7CDE5160B93B,1,ingredients,Fody French Salad Dressing
Fody's Low FODMAP Chicken Pot Pie,B95AA0BE-D6ED-4886-8E2E-5F7E19FC77D9,1,ingredients,"1, Fody Low FODMAP Pie Crust (see recipe), ready to roll out | 2 tsp Fody's Low FODMAP Chicken Soup Base | 1 ½ tsp Fody Lemon Herb low FODMAP Seasoning"
Fody's Low FODMAP Chicken Teriyaki Meatballs,F5E92783-F93F-4BA0-BE97-C90E979C50C3,1,ingredients,1 tbsp Fody Teriyaki Sauce | ½ cup plus 2 tbsp Fody Low FODMAP Teriyaki Sauce
Fody's Low FODMAP Chocolate Almond Brownies,F647D09E-1272-44A0-B905-3115E2B0C20F,1,name,
Fody's Low FODMAP Chocolate Peanut Butter Balls,C0D8EB4F-2D64-41B8-AE4A-4C6876327459,1,name,
Fody's Low FODMAP Chocolate Truffles,8B441788-9300-44C1-BDDD-23FEB40F9831,1,name,
Fody's Low FODMAP Chopped Chicken Salad,4B2ADD12-B3E5-46D8-A258-82FE4009E06C,1,name,
Fody's Low FODMAP Cinnamon Raisin Walnut Breakfast Cookies,7FAB17E6-08CA-48B4-8137-48A56ABB088B,1,name,
Fody's Low FODMAP Cocktail Meatballs,02EE32A1-F8D4-4FD0-8963-C3ECF39004D4,1,ingredients,3 tbsp Fody Ketchup | 1 cup Fody Ketchup
Fody's Low FODMAP Cranberry Nut Cake,5F5A94FA-1220-46FB-A9D1-4120257640D0,1,name,
Fody's Low FODMAP Deviled Eggs with Salsa Avocado,3BC2CA0F-9513-4BBF-8350-A734A97224E2,1,ingredients,"2 tbsp Fody Salsa, Mild or Medium | ¼ tsp Fody Taco Seasoning; optional"
Fody's Low FODMAP Garlic Roasted Root Vegetables,37C8C9E8-A5A2-4018-A5CF-C605B5C46FF8,1,ingredients,6 tbsp Fody Low FODMAP Garlic-Infused Olive Oil | 1 tsp Fody Low FODMAP Lemon Herb Seasoning
Fody's Low FODMAP Gluten-Free Gingerbread Loaf,620A90D7-3BD6-4961-A532-DEF594A7EC7B,1,name,
Fody's Low FODMAP Grilled Teriyaki Shrimp,12AC2495-C4BF-41AA-A13B-06693FFD9042,1,ingredients,"1, 8.5 oz bottle Fody Teriyaki Low FODMAP BBQ Sauce & Marinade | 2 tbsp Fody Low FODMAP Ketchup"
Fody's Low FODMAP House Salad,287FB1AE-9CC0-414D-9939-C12190B50884,1,ingredients,"½ cup Fody Balsamic Salad Dressing, divided"
Fody's Low FODMAP Jerk Chicken with Pineapple Salsa,73328340-C0D4-4FAA-8256-80971F1502C6,1,ingredients,½ cup Fody Low FODMAP Garlic-Infused Olive Oil | 2 tbsp Fody Low FODMAP Garlic-Infused Olive Oil
Fody's Low FODMAP Kale Caesar Salad with Chicken and Croutons,456A2994-938E-4E7A-90FE-747B6D71FCCC,1,ingredients,1 1 Fody Low FODMAP Garlic-Infused Olive Oil | Fody Low FODMAP Caesar Salad Dressing
Fody's Low FODMAP Lasagna Soup,F4870B9E-87AD-462A-A571-F27CC6C70DC4,1,ingredients,1 Tbsp Fody Foods Low FODMAP Garlic Infused Olive Oil | 1 jar Fody Foods Low FODMAP Tomato Basil Sauce
Fody's Low FODMAP Mexican Rice Bowl,09124B30-B003-4102-B4ED-600A31D3DC2A,1,ingredients,"¼ tsp Fody Low FODMAP Taco Seasoning | 1 tbsp plus 2 tsp Fody Low FODMAP Taco Sauce, divided | ¼ cup Fody Low FODMAP Salsa, Mild or Medium"
Fody's Low FODMAP Mini Frittatas,A8BFEB82-0D76-43D3-A538-498C5460A3AD,1,ingredients,"2 tbsp Fody Shallot-Infused Olive Oil | ¼ cup Fody low FODMAP Salsa, Mild or Medium"
Fody's Low FODMAP Peanut Butter Krispie Bars,9D68D759-EAF8-46EF-BE76-9DBED979E7AF,1,name,
Fody's Low FODMAP Pecan Pie,1C076866-E961-44B8-9263-FB09B6571BAE,1,name,
"Fody's Low FODMAP Pizza (Spicy Spinach, Mushroom & Red Pepper)",D58D3E95-C5FE-4E54-A1CC-58571C78EC41,1,ingredients,"3 tbsp FODY Low FODMAP Garlic-Infused Olive Oil | 1 cup FODY Low FODMAP Arrabbiata Pasta Sauce, divided"
Fody's Low FODMAP Quinoa Salad with Radishes and Snap Peas,81364F3E-E648-4310-8CA8-3E35675A0BA3,1,ingredients,"Fody Garden & Herb Low FODMAP Salad Dressing, or other Fody Salad Dressing"
Fody's Low FODMAP S'mores Bars With Graham Crackers,23A9D75F-8D9B-46C3-8942-8CC3C41FA023,1,name,
Fody's Low FODMAP Salad Nachos,5460BEF0-309C-4367-A0A6-2F6F7FB92AF3,1,ingredients,"2 tsp Fody Taco Sauce | 2 tbsp Fody Garden & Herb Salad Dressing | 1 tbsp Fody Garlic-Infused Olive Oil | ¼ cup Fody Taco Sauce, divided"
Fody's Low FODMAP Salsa Salmon Burgers,2928E16E-C035-4120-8C14-0137B0E8D7F7,1,ingredients,"2 tbsp Fody Garlic-Infused Low FODMAP Olive Oil, divided | ¼ cup Fody Salsa, either Mild or Medium, plus additional"
Fody's Low FODMAP Seared Salmon With Strawberry Relish,19C9EF6F-BB30-4F85-A6BB-457316C80F48,1,ingredients,2 tsp Fody Shallot-Infused Low FODMAP Olive Oil | 1 tbsp Fody Shallot-Infused Low FODMAP Olive Oil | Fody Garden Herb Salad Dressing
"Fody's Low FODMAP Shrimp Kabobs, Hawaiian BBQ Style",BF58652D-0EEA-4F16-A551-4A1A56630764,1,ingredients,½ cup Fody Foods Low FODMAP Traditional BBQ Sauce
Fody's Low FODMAP Shrimp Risotto,A37811AE-06DE-4759-ACA4-2967282DD33B,1,ingredients,1 tbsp plus 1 tsp Fody Low FODMAP Vegetable or Chicken Soup Base | 2 tbsp Fody Low FODMAP Garlic-Infused Olive Oil
Fody's Low FODMAP Shrimp Tortilla Bites,B2BA3725-77DB-4460-8953-12BF5AE27232,1,ingredients,2 tbsp Fody's Low FODMAP Taco Sauce | 1 tbsp Fody Garlic-Infused Olive Oil | 1 tsp Fody's Low FODMAP Taco Seasoning
Fody's Low FODMAP Spanish Chicken & Rice,61B316E9-1A03-45C4-8D49-70F77BB55CA6,1,ingredients,"1/4 cup Fody Low FODMAP Shallot-Infused Olive Oil, or Fody Low FODMAP Garlic-Infused Olive Oil | 1 tbsp Fody Low FODMAP Chicken Soup Base"
Fody's Low FODMAP Steak Salad with Peaches & Blue Cheese,0D9E67FF-1A38-4618-8865-9294A26932E2,1,ingredients,"2 Fody Balsamic Vinaigrette, divided | ¼ tsp Fody Steak Seasoning"
Fody's Low FODMAP Taco Sloppy Joes,8F93709D-D39B-45A4-B289-BDE0B6D46D69,1,ingredients,"1 tbsp Fody Low FODMAP Garlic-Infused Olive Oil or Shallot-Infused Olive Oil | ½ cup Fody Low FODMAP Taco Sauce | ½ tsp Fody Taco Seasoning, optional"
Fody's Low FODMAP Teriyaki Chicken Fried Rice,65026FA0-582D-4303-A113-AFF6A8BB0B6F,1,ingredients,2 tbsp Fody Garlic-Infused Olive Oil | ¼ cup Fody Teriyaki Sauce & Marinade
Fody's Low FODMAP Teriyaki Ginger Turkey Lettuce Wraps,66D0FBA6-7EF0-49FA-8837-9A9A322621B9,1,ingredients,"½ cup Fody Teriyaki Sauce | ½ cup Fody Sesame Ginger Sauce | 2 tbsp Fody Garlic-Infused Olive Oil, divided"
Fody's Low FODMAP Tex Mex Salad,2CFB412B-F6AC-47D4-95CC-BFBCE0D8D181,1,ingredients,½ cup Fody Garden Herb Low FODMAP Salad Dressing | ½ cup Fody Low FODMAP Taco Sauce
"Fody's Low FODMAP Tex-Mex Quick Chicken, Veggies & Quinoa",D558F1AA-085F-4E04-878B-85630F90AD68,1,ingredients,"1 tsp Fody Low FODMAP Taco Seasoning | 2 tbsp Fody Low FODMAP Garlic-Infused Olive Oil, divided | 1/3 cup Fody Low FODMAP Salsa, Mild or Medium"
Fody's Low FODMAP Turkey & Vegetable Meatloaf,FB786C70-481E-4E62-94A9-CDFC176A5C46,1,ingredients,2/3 cup Fody Low FODMAP Ketchup | ¼ tsp Fody Low FODMAP Lemon Herb Seasoning | 2 tsp Fody Garlic-Infused Olive Oil or Fody Shallot-Infused Olive Oil | 1 tsp Fody Steak Seasoning | ¼ tsp Fody Lemon Herb Seasoning
Fody's Low FODMAP Turkey Burger with Original BBQ Sauce,C66A6488-2711-4035-AAF9-DC1F5DCB6E94,1,ingredients,"1 tbsp Fody Original BBQ Sauce, plus extra for serving | 1 tbsp Fody Garlic or Shallot-Infused Low FODMAP Olive Oil"
Fody's Low FODMAP Turkey Chili,4BA4A140-7652-48CC-83DD-247E895BDC12,1,ingredients,"2 tsp Fody Low FODMAP Chicken Soup Base | 3 tbsp Fody Low FODMAP Garlic-Infused Olive Oil or Fody Low FODMAP Shallot-Infused Olive Oil, divided | 1 tbsp Fody Low FODMAP Taco Seasoning, plus extra | 2 cups Fody Low FODMAP Marinara Pasta Sauce"
Fody's Low FODMAP Vegan Sloppy Joe's,9389E420-834A-4501-B4D6-4B10DF924CB3,1,ingredients,1 Tbsp Fody's shallot OR garlic-infused olive oil | 1 jar Fody's Low FODMAP Vegan Bolognese Pasta Sauce
Fody's Low FODMAP Vegetable Baked Pasta,E4FFAF8D-E4AA-4867-8267-D25275DB20FA,1,ingredients,"2 tbsp Fody Garlic-Infused low FODMAP Olive Oil, divided | 1 ½ tsp Fody Lemon Herb low FODMAP Seasoning | 1, 19.4-oz jar Fody low FODMAP Marinara Sauce"
Fody's Low FODMAP Vegetable Stuffed Spaghetti Squash,38C66AF5-418A-4C30-BF30-1CE6F0EC35E4,1,ingredients,"¼ cup Fody Low FODMAP Garlic or Shallot-Infused Olive Oil | 1, 19.4-oz jar Fody Low FODMAP Tomato-Basil Pasta Sauce; the Marinara and Arrabbiata work well, too"
Fody's Low FODMAP Veggie Fried Rice,AB1C7B18-C9D8-40B0-B620-AE1B15F15372,1,ingredients,"1 ½ tsp FODY Foods Garlic Infused Low FODMAP Olive Oil, divided | 2 Tbsp FODY Foods Sesame Ginger Low FODMAP Sauce"
"Fody's Low FODMAP, Lactose-Free Vanilla Ice Cream with Fody Peanut Butter Chocolate",B4CDAE96-0016-4C79-813F-1CF2C8B461EF,1,ingredients,"2 Fody Peanut Butter Chocolate Quinoa Snack Bars, crushed finely; optional"
Fody's Maple Dijon Stuffed Kabocha Squash,84C80243-99EE-48FE-9EAD-650E26A5105A,1,ingredients,2 Tbsp Fody Garlic-Infused Olive Oil (divided) | 1/4 cup Fody Maple Dijon Dressing
Fody's Maple Mustard Chicken Sheet Pan Dinner,0261AB2A-B2D4-4311-ADEB-284361E33872,1,ingredients,2 tsp Fody's Every Day Seasoning | 1 Tbsp Fody's Garlic Infused Olive Oil
Fody's Mexican Street Low FODMAP Corn Potato Salad,43D592E0-FEBD-4A5C-9479-E4544F3C58E3,1,ingredients,2 tbsp Fody Low FODMAP Shallot-Infused Oil
Fody's Monster Rice Krispies Treats,0CF42BF7-F37A-4868-9D3F-1D7001E8DC1F,1,name,
Fody's Mushroom & Kale Bolognese Pizza,A98E9994-835D-4E60-B7A1-1707BD8E526D,1,ingredients,2 Tbsp Fody Garlic-Infused Olive Oil | ½ cup Fody Vegan Bolognese Pasta Sauce
Fody's Mushroom & Spinach Stuffed Shells,09DDC31B-9385-4624-9A60-D347677E4570,1,ingredients,1 tbsp Fody Garlic Infused Olive Oil | 1 ½ jars Fody Marinara | 1 tbsp Fody Garlic Infused Olive Oil
Fody's No Bake Pumpkin Cheesecake Mousse,AE768EAD-7225-4761-A525-8C822780FB90,1,name,
Fody's One-Pan Chicken & Veggies Recipe,3FA2B403-50AB-43DA-A47D-258D54DDE00E,1,ingredients,"3 tbsp Fody Low FODMAP Garlic-Infused Olive Oil, divided | 2 tsp Fody Lemon & Herb Low FODMAP Spice Blend, divided"
Fody's One-Pan Thanksgiving Roast Chicken,E9B40E00-1C0E-42C1-96BE-46D92CC20EB6,1,ingredients,"3 tbsp Fody Low FODMAP Garlic-Infused Olive Oil, divided | 2 tsp Fody Lemon & Herb Low FODMAP Spice Blend, divided"
Fody's One-Pot Low FODMAP Pork with Fall Vegetables,BF1946D1-2B2D-475D-A9B1-1EE315D99DC6,1,ingredients,¼ cup Fody Low FODMAP Garlic-Infused Olive Oil | 1/2 tbsp Fody Low FODMAP Chicken Soup Base | 1 tsp Fody Low FODMAP Lemon Herb Seasoning
Fody's Original BBQ Skewers with Tofu & Low FODMAP Vegetables,202B41F5-AEB4-4E26-8281-B5BA161A5542,1,ingredients,"1 cup Fody Original BBQ Sauce | 2 tbsp Fody Shallot or Garlic-Infused low FODMAP Olive Oil, divided"
Fody's Oven Roasted Low FODMAP Fajita Veggies,7C4F8C63-E2CB-4C9C-AC8E-8292791FC750,1,ingredients,1 Tbsp of FODY Foods Low FODMAP Taco Seasoning
Fody's Pancakes with Crunchy Nut Topping,9FDFF82D-C85B-4541-8815-21E5D72EE192,1,name,
Fody's Pasta e Fagioli,F2548B8E-4F94-4E85-B747-55EC10A838ED,1,ingredients,1 jar Fody's Vegan Bolognese | 1 Tbsp Fody's Chicken Soup Base | 1 Tbsp Fody's Garlic Infused Olive Oil
"Fody's Pasta Salad with Tomatoes, Cucumbers, Feta & Dill",61BE2612-7F5D-4050-9DBC-6EFDDC8DBDBB,1,ingredients,"1/3 cup to 1/2 cup of Fody's Low FODMAP Salad Dressing of choice, either Garden Herb or Caesar"
Fody's Pineapple BBQ Chicken Skewers,8C7037DD-B5E4-4EED-99FA-40FD7D043496,1,ingredients,½ cup Fody’s Original BBQ Sauce | 1 Tbsp Fody’s Shallot-Infused Olive Oil
Fody's Pizza Pasta Salad Recipe,9942DD23-72A3-4ACD-9A85-00C3BC0AA954,1,ingredients,1 cup Fody’s Spicy Marinara Sauce | 1 Tbsp Fody’s Garlic-Infused Olive Oil
Fody's Plant-Based Southwest Pasta Salad,AEC31DC4-944E-44E9-856B-11C206DEEC77,1,ingredients,½ cup + 2 tbsp Fody's Medium Salsa
Fody's Pomegranate + Raspberry Swirl Cheesecake Bars,E0C868B0-8976-4F76-BC2D-4BCA1A9869D4,1,name,
Fody's Pot Roast with Root Vegetables,7E2B340E-64E6-43BC-9DCF-7A2F0DDAAFD6,1,ingredients,"1 tsp Fody Steak Spice Blend, plus extra, divided | 3 tbsp Fody Garlic-Infused Olive Oil, divided | 1 tsp Fody Lemon & Herb Spice Blend"
Fody's Potato & Cheese Low FODMAP Casserole,763F3069-6E97-41BB-9F3B-AC8F114D9E08,1,ingredients,1 tbsp Fody Shallot-Infused Olive Oil | 1 tsp Fody Chicken Soup Base | ½ tsp Fody Lemon & Herb Seasoning
"Fody's Potato, Red Pepper & Spinach Low FODMAP Frittata",AF93C1FD-C2E4-42DD-BB36-10205FF0C072,1,ingredients,"¼ cup Fody Shallot-Infused Olive Oil | 3/4 tsp Fody Steak Seasoning, or more to taste"
Fody's Pumpkin Spice Low FODMAP Cake,135E37E7-3B54-4B48-B066-E1765C27C5A5,1,name,
Fody's Pumpkin Spiced Low FODMAP Waffles,962C8210-CFDC-4F06-B9BB-F965FB178A89,1,name,
Fody's Quinoa Salad with Roasted Squash,0102425D-8BA5-4398-B242-2B27071DA88F,1,ingredients,2 tbsp Fody low FODMAP garlic-infused olive oil | 1 Fody low FODMAP steak seasoning | 3 tbsp Fody garden herb low FODMAP salad dressing
Fody's Rainbow Low FODMAP Salad,2BE25E66-2AA9-4932-ADDD-DB853183974A,1,ingredients,Fody Low FODMAP Garden Herb Salad Dressing
Fody's Raspberry Coconut French Toast,C6F33A1E-DF78-4A52-ABEA-6828050E126A,1,name,
Fody's Raspberry Dark Chocolate Crisp,6473950A-702C-4CD5-AEFA-900C5661F7E5,1,ingredients,2 Fody Dark Chocolate Nuts + Sea Salt bars
Fody's Red Rice & Vegetable Low FODMAP Salad,AE2D34CD-D2CD-4F3E-9334-4682E190ABE9,1,ingredients,"Fody Salad Dressing, such as Garden Herb or French"
Fody's Red Velvet Low FODMAP Cupcakes,AAA42DCC-18BF-4376-BC7C-72D47F33C08D,1,name,
Fody's Rhubarb Muffins with Yogurt & Almonds,62D4721A-0413-4FB3-88CB-A5D2F9563D13,1,name,
"Fody's Roasted Chicken with Fennel, Carrots & Potatoes",AD1DBED4-6C6D-40EF-A37F-D95D3260A4A3,1,ingredients,"3/4 cup Fody Low FODMAP Garlic-Infused Olive Oil | 2 tsp Fody Low FODMAP Steak Spice Blend, plus extra"
"Fody's Roasted Chicken, Chickpeas & Peppers",CE9CF72F-F597-4630-BF43-80698F50C210,1,ingredients,2 tbsp Fody Garlic-Infused Low FODMAP Olive Oil | 1 cup Fody Low FODMAP Marinara Pasta Sauce
Fody's Salmon with Asian BBQ Sauce,F55FDFFD-6E94-4803-8070-09DE804B7F4C,1,ingredients,3/4 cup Fody Low FODMAP BBQ Sauce | 1 tbsp Fody Low FODMAP Garlic-Infused Olive Oil
Fody's Salsa Verde Veggie Nachos,FB14E279-BCA7-426A-BB55-55D7F29658A4,1,ingredients,½ cup Fody’s Salsa Verde | 2 Tbsp Fody’s Taco Sauce | 1 Tbsp Fody’s Garlic-Infused Olive Oil
Fody's Salted Chocolate Chip Cookies,50A19567-4E7D-4CCA-803B-5934D6E29903,1,name,
"Fody's Sausage, Kale + Pumpkin Baked Ziti",197EDA4B-2B44-483E-A18D-26BDB1294CDB,1,ingredients,"2 tbsp Fody's Garlic Oil, divided | ½ cup Fody's Marinara Sauce"
Fody's Sautéed Low FODMAP Fish Filet with Garlic Caper Sauce,458DDDC0-731D-4A0B-A703-B944D2DB0946,1,ingredients,"2 tbsp Fody Garlic-Infused Low FODMAP Olive Oil, divided"
Fody's Savory Cheddar Low FODMAP Waffles with Poached Egg,DF7937E1-0551-4AA8-96D1-DBF0E259CA01,1,ingredients,"½ tsp Fody Low FODMAP Taco Seasoning, plus extra | 2 tbsp Fody Low FODMAP Shallot-Infused Olive Oil"
Fody's Scrambled Tofu Low FODMAP Breakfast Tacos,C5B378A9-C092-4CEA-9854-255F18E49CC7,1,ingredients,"1 tbsp Fody Low FODMAP Garlic-Infused Olive Oil | 2 tbsp Fody Low FODMAP Taco Sauce | 1 tsp Fody Low FODMAP Taco Seasoning | Fody Salsa, Mild or Medium; optional"
Fody's Sesame Ginger Green Beans,C866EC56-6812-4122-8D22-CC3EA9F17833,1,ingredients,"2 tbsp Fody's Shallot-Infused Extra Virgin Olive Oil, plus 1 tbsp more for cooking | ¼ cup Fody's Sesame Ginger Marinade"
Fody's Sesame Ginger Low FODMAP Chicken Skewers,B875D99A-80ED-4E27-A615-B8D3FD94FAEF,1,ingredients,"1 ½ cups Fody Sesame Ginger Sauce, divided"
Fody's Sesame Ginger Low FODMAP Fish & Vegetables In Parchment,BB7769A5-77CA-466D-9370-825F262D1032,1,ingredients,1 tbsp plus 1 tsp Fody Low FODMAP Garlic-Infused Olive Oil | ½ cup Fody Low FODMAP Sesame Ginger Sauce
Fody's Sesame Ginger Low FODMAP Noodle Salad,F4022453-6FAE-45EA-9FFE-E62FC1AF1D2C,1,ingredients,"1, 8.5-oz bottle Fody Low FODMAP Sesame Ginger Sauce & Marinade"
Fody's Sesame Ginger Low FODMAP Shrimp & Noodles,E65FB7AF-9965-4A34-908B-F1D0B0D24129,1,ingredients,1 tbsp Fody Garlic-Infused Low FODMAP Olive Oil | 3/4 cup Fody Sesame Ginger Sauce & Marinade
Fody's Shakshuka with Chickpeas & Feta,D0032455-1E3C-4ED9-88BF-6B305F108B37,1,ingredients,"3 tbsp Fody Garlic-Infused Olive Oil | 1 tsp Fody Taco Seasoning | 1, 19.4-oz (550g) jar Fody Tomato Basil Pasta Sauce or Fody Arrabbiata Pasta Sauce"
Fody's Sheet Pan Low FODMAP Chicken 'Stir Fry',26F4E239-BB41-4504-9129-20117118DE78,1,ingredients,"2 tbsp Fody Low FODMAP Garlic Infused Olive Oil, divided | >¼ cup Fody Low FODMAP Teriyaki Sauce & Marinade | ¼ cup Fody Low FODMAP Sesame Ginger Sauce & Marinade"
Fody's Sheet Pan Low FODMAP Shrimp Fajitas with Salsa Verde,0AA330D9-7C81-4E3C-948A-E713CC7CEAFA,1,ingredients,1 Tbsp + 1 tsp Fody's Taco Seasoning | ½ cup Fody's Salsa Verde
Fody's Sheet Pan Salmon & Sweet Potato Low FODMAP Dinner,244017CD-EDAA-4539-84DD-8ABB919A932F,1,ingredients,"3 tbsp Fody Garlic-Infused Olive Oil, divided | ¾ tsp Fody Taco Seasoning, divided | 1 Fody's Original BBQ sauce"
Fody's Sheet Pan Shrimp Tacos,41EB73CD-B061-4D1B-8F58-917B429AF580,1,ingredients,1 Tbsp Fody Foods Low FODMAP Taco Seasoning | 1 Tbsp Fody Foods Low FODMAP Taco Seasoning
Fody's Shrimp & Veggie Taco Stir Fry with Coriander Lime Rice,BCCC7050-C9E4-40D2-9C5C-D2C630B36BC6,1,ingredients,"½ cup Fody’s Taco Sauce | 1 tsp Fody’s Taco Seasoning | 2 tsp Fody’s Shallot Infused Olive Oil, divided | ½ cup Fody’s Mild Salsa | 1 tbsp Fody’s Shallot Infused Olive Oil"
Fody's Shrimp Salad with Low FODMAP Dressing,BFB61C56-8AC8-48FF-B337-F1EE3F8A7B64,1,ingredients,1 - 1 ½ cups Fody's Original BBQ sauce | ½ cup Fody's Garden Herb Dressing
Fody's Shrimps with Green Peppers and Feta,CC1D92C2-39CA-4E69-8696-E33055AE1A44,1,ingredients,2 tbsp Fody Low FODMAP Garlic-Infused Olive Oil or Shallot-Infused Olive Oil
Fody's Simple Bone-In Low FODMAP Roast Beef,FCDBA52C-D18A-46A2-909D-0D658EB0ED1B,1,ingredients,2 tbsp Fody Low FODMAP Garlic-Infused or Shallot-Infused Olive Oil | 2 tbsp Fody Low FODMAP Steak Seasoning
Fody's Skillet Salsa Verde Shakshuka with Roasted Herbed Potatoes,EE67A717-BD7D-49EF-97B3-E74FFE26102A,1,ingredients,2 tbsp Fody's Garlic-Infused Olive Oil | ¾ cup Fody's Salsa Verde | 1 tbsp Fody's Garlic-Infused Olive Oil
Fody's Sliced Veggies with Homemade Ranch Dip,CA75E72E-7BC6-40B0-B2E8-A28971A74D40,1,ingredients,1 Tbsp Fody’s Ranch Seasoning
Fody's Slow Cooker Braised Beef Tacos,CB98755B-B63F-4331-9E83-99FE06FE5DFC,1,ingredients,2 Tbsp Fody’s Taco Seasoning | Fody's Medium Salsa (for dipping)
Fody's Slow Cooker Pulled Chicken Bowl,8A7A2FDA-4536-4F4B-873D-7ECAC3475445,1,ingredients,2 tsp Fody Taco Seasoning | 1 tsp Fody Chicken Soup Base | 1 cup Fody Salsa Verde
Fody's Spaghetti & Meatballs,A906FE5E-6B1C-4FEF-9866-46DB8ABA4703,1,ingredients,"2 tsp Fody Low FODMAP Garlic-Infused Olive Oil | 2, 19.4 oz jars Fody Tomato & Basil or Marinara Low FODMAP Pasta Sauce"
Fody's Spicy Gluten-Free Flatbread with Shrimp,A4794DC7-1CE3-4872-BD91-2722411CBE23,1,ingredients,1 cup Fody Low FODMAP Arrabbiata Pasta Sauce | 1 Tbsp Fody Low FODMAP Garlic-Infused Olive Oil
Fody's Spicy Shrimp BBQ Low FODMAP Burritos,BF1F5625-E7B5-4B30-A66A-C9119C840E92,1,ingredients,2 tbsp Fody BBQ Sauce | ¼ tsp Fody Taco Seasoning | 1 tbsp Fody Garlic-Infused Olive Oil | ½ tsp Fody Taco Seasoning
Fody's Spicy Shrimp Pasta with Spinach,AE8A8599-361A-437A-95D8-B263D05DC860,1,ingredients,2¼ cups Fody's Spicy Marinara Sauce | 2 Tbsp Fody's Garlic Infused Olive Oil
Fody's Spicy Spaghetti Squash with Mozzarella,AE2B3732-D2C0-4897-B961-C31B35331C39,1,ingredients,2 Tbsp Fody’s Garlic-Infused Olive Oil | 1 jar Fody’s Spicy Marinara
Fody's Spicy Stuffed Peppers,31E3D748-2B96-44C5-B561-69536152B59C,1,ingredients,"1 tbsp Fody Garlic-Infused Olive Oil | 1, 19.4-oz jar Fody Arrabbiata Low FODMAP Pasta Sauce"
Fody's Spinach Feta Dip,9B638A72-AB62-41EF-95FA-2DD2BAF43402,1,ingredients,1 tbsp Fody Low FODMAP Shallot-Infused Olive Oil
Fody's Spinach Lasagna Rolls with Ricotta,8A550F42-618A-490F-AEAD-F44FD8F1C84D,1,ingredients,1 jar of Fody’s Vegan Bolognese Sauce | 1 Tbsp Fody’s Garlic-Infused Olive Oil
Fody's Spring & Summer Roasted Vegetable Lasagna,D6CA4A52-9DF6-418C-86C0-BBB9A590EBA4,1,ingredients,"3 tbsp Fody Low FODMAP Garlic-Infused Olive Oil | 2, 19.4 oz jars of Fody Pasta Sauce, either Marinara or Tomato-Basil"
Fody's Spring Veggie Hash with Salsa Verde,CEB131D0-9507-40EA-860D-B7D3CEAFAE2E,1,ingredients,2 Tbsp Fody Shallot-Infused Olive Oil | ¼ cup Fody Salsa Verde
Fody's Steak & Millet Low FODMAP Grain Bowl,CED7AE32-DE98-45D7-A366-954F47BFB6C6,1,ingredients,"Fody Low FODMAP Salad Dressing, such as Garden Herb or Caesar, or Fody Sesame Ginger Sauce"
Fody's Steak Salad with Corn & Tomatoes,63529586-10FB-4740-8338-B3EB36299F50,1,ingredients,Fody Low FODMAP Steak Spice Blend | Fody Low FODMAP Garlic-Infused Olive Oil | Fody Low FODMAP French Salad Dressing
Fody's Steak Tacos,56A84E86-9FF7-4A89-A701-FEA9CEB682C1,1,ingredients,¼ cup Fody Taco Sauce | ¼ tsp Fody Taco Seasoning
Fody's Steak with Salsa Verde Chimichurri Sauce,5BDC12A5-13AB-4C6F-9103-89E341EC0A38,1,ingredients,¼ cup Fody’s Salsa Verde | 2 tbsp Fody’s Shallot Oil
Fody's Steakhouse Burger Bowls with Baked Sweet Potato Fries,BBCB6B4D-F3FE-47BE-8133-D64D1BAE76EB,1,ingredients,1 Tbsp Fody’s Steak Seasoning | Fody’s Original Ketchup | 2 Tbsp Fody’s Garlic-Infused Olive Oil
Fody's Stovetop BBQ Sloppy Joe’s,816806FA-9353-4949-9B26-0FD0446F2940,1,ingredients,1 cup Fody’s Original BBQ Sauce | ¼ cup Fody’s Ketchup | 1 Tbsp Fody’s Shallot-Infused Olive Oil
"Fody's Stuffed Low FODMAP Turkey Breast with Sausage, Cranberries & Pecans",B35941E5-5500-4318-8B35-4113092F12E0,1,ingredients,1 tbsp plus 2 tsp Fody Chicken Soup Base | 2 tbsp Fody Garlic-Infused Olive Oil | 1 tsp Fody Lemon & Herb Seasoning | Fody Lemon & Herb Seasoning
Fody's Sweet & Sour Chicken Meatballs,DAFD7C17-43FB-4A20-A420-485A56539187,1,ingredients,1 Tbsp Fody's Garlic Infused Olive Oil | ¼ cup Fody's Ketchup
Fody's Sweet & Sour Low FODMAP Spareribs,02D5EB42-252C-4B45-A41C-0A6AF0313E0B,1,ingredients,1 Fody Low FODMAP Ketchup | ¼ tsp Fody Low FODMAP Steak Seasoning
Fody's Sweet and Sour Brisket Recipe,2540DF5B-A23D-4FBF-B263-8D8ABEBDE86F,1,ingredients,"2 tbsp Fody Garlic-Infused Olive Oil, divided | 1 19.4 oz jar Fody Marinara Pasta Sauce"
Fody's Sweet and Sour Sauce Steak Kabobs,B82EA970-55C2-4CAC-8611-2818B03F4C3C,1,ingredients,1 tsp Fody’s Steak Seasoning | 1 Tbsp Fody’s Garlic-Infused Olive Oil | ¼ cup Fody’s Ketchup
Fody's Sweet Potato Low FODMAP Tacos with Avocado Crema,0E070A2D-E98B-4956-96FC-C2C43B7B015B,1,ingredients,¼ cup Fody Low FODMAP Garlic-Infused Olive Oil | 2 tsp Fody Low FODMAP Taco Seasoning | 2 tsp Fody Low FODMAP Taco Sauce | 1 tsp Fody Low FODMAP Taco Seasoning | 2 tbsp Fody Low FODMAP Taco Sauce
Fody's Taco Cups With Low FODMAP Cheese,1F603D9A-166A-4C64-A91E-80515713988D,1,ingredients,"1 tbsp Fody Garlic-Infused Olive Oil | 1 1 Fody Taco Seasoning | ¼ cup plus 2 tbsp Fody Taco Sauce, divided"
Fody's Taco Salmon Bites Rice Bowl,D2D38D53-3A61-41F4-8592-3713E438BD02,1,ingredients,1 Tbsp Fody’s garlic-infused olive oil | 2 Tbsp Fody’s taco sauce | 2 Tbsp Fody’s salsa verde
Fody's Teriyaki Glazed Low FODMAP Salmon Burgers,4DE1AC1F-377B-4391-9C9C-ADB50A4ACC67,1,ingredients,"½ cup Fody low FODMAP Teriyaki Sauce, divided | Fody Garlic-Infused Olive Oil"
Fody's Teriyaki Salmon Bowl,8631E1D1-34E2-4F57-9330-51EF113F489F,1,ingredients,¼ cup Fody low FODMAP Teriyaki Sauce | ¼ cup Fody low FODMAP Sesame Ginger Sauce | 2 tbsp Fody Garlic-Infused Low FODMAP Olive Oil or Fody Low FODMAP Shallot-Infused Olive Oil
Fody's Tofu & Kale Nourish Bowl,62F1C2AB-C045-4E91-B1DA-10B5331CA3DB,1,ingredients,"1 tbsp Fody Low FODMAP Garlic-Infused Olive Oil | 2 tbsp Fody Low FODMAP Garlic-Infused Olive Oil, divided"
Fody's Tomato Basil & Burrata Pasta Salad,18044A28-8EAE-4C38-A5BF-26514AFA9A99,1,ingredients,3 Tbsp Fody Garlic-Infused Olive Oil (divided) | 1 cup Fody Tomato Basil Pasta Sauce
Fody's Turkey & Black Bean Low FODMAP Quesadillas,A5431EEF-BD6D-41EE-BA30-DA3ED1DCBAD1,1,ingredients,"1 cup Fody Salsa, Mild or Medium | 1 tbsp Fody Garlic-Infused Olive Oil | ¼ cup Fody Taco Sauce"
Fody's Turkey Meatballs,CEE3E3CA-88BE-4E94-A909-43D1C422375A,1,ingredients,2 tbsp Fody Garlic-Infused Low FODMAP Olive Oil | 2 jars Fody Low FODMAP Pasta Sauce (Marinara or Tomato & Basil)
Fody's Vegan Bolognese Stuffed Peppers,5558DCA2-5DDB-41D8-A6DF-B8FE7DBF05C9,1,ingredients,2 tbsp Fody Garlic-Infused Olive Oil | 1 ½ cups Fody Vegan Bolognese Sauce
Fody's Vegan Bolognese “Hamburger Helper” Copycat Recipe,85ABBB26-0E8B-4AF8-AD1B-C00CD7E484A7,1,ingredients,1 cup Fody's Vegan Bolognese Sauce | 2 tbsp Fody's Garlic-Infused Extra Virgin Olive Oil
Fody's Vegan Quinoa Salad with Coriander Pesto,ADD04FA3-A238-4C89-B825-09C61DAA9325,1,ingredients,1/3 cup Fody Low FODMAP Garlic-Infused Olive Oil
Fody's Vegetarian Sage & Pecan Low FODMAP Dressing,9CCC6FEF-DBC8-4738-B4A7-7AA1266A4E74,1,ingredients,2 tsp Fody Low FODMAP Vegetable Soup Base | 2 tbsp Fody Low FODMAP Shallot-Infused Olive Oil or Fody Low FODMAP Garlic-Infused Olive Oil | 1 tsp Fody Lemon Herb Seasoning
Fody's Vegetarian Taco Stuffed Peppers,33188376-BD1A-415F-B8E9-2A1F751F5DFD,1,ingredients,½ cup Fody’s Medium Salsa | 1 Tbsp Fody’s Shallot-Infused Olive Oil | 1 tsp Fody’s Taco Seasoning
Fody's Veggie Fried Rice with Teriyaki Sauce,4A28E3E2-E56F-44F8-A350-4206153F695C,1,ingredients,¼ cup Fody's Low FODMAP Teriyaki Sauce | 2 tbsp Fody's Shallot-Infused Olive Oil
Fody's Walnut Pesto Low FODMAP Pasta with Shrimp,04DD85BB-3182-424E-B2A2-9250ECE6C9CA,1,ingredients,"½ to 2 Fody Garlic-Infused Low FODMAP Olive Oil, divided"
Fody's Winter Vegetable Soup,27A29B8C-B058-4880-B543-FA28427445F4,1,ingredients,3 tbsp Fody Low FODMAP Garlic-Infused Oil | 3 tbsp Fody Vegetable Low FODMAP Soup Base | 1 tsp Fody Lemon & Herb Low FODMAP Spice Blend
Fody's Zesty Caprese Pasta Salad,BBADB749-97B8-4D57-AD07-FCC102174C03,1,ingredients,¼ cup Fody’s Balsamic Vinaigrette
Fody's Zesty Salsa Verde Shrimp & Rice Skillet,2501A516-4178-417C-B338-5A0B25EB32C6,1,ingredients,1 tsp Fody’s Taco seasoning | 1-2 Tbsp Fody’s Shallot-Infused Olive Oil | ½ cup Fody’s Salsa Verde
Fody’s Air Fryer Aubergine Fries with Italian Herb Ketchup,1A6A7B4E-15E0-4D7B-9ADB-F2421889DC71,1,ingredients,1 tbsp Fody’s garlic infused olive oil | ¼ cup Fody’s Original Ketchup
Fody’s Baja Fish Tacos with Creamy Lime Taco Sauce + Salsa Slaw,126756B1-7D25-4F47-80B5-7ECAA8D51FB5,1,ingredients,½ cup Fody’s Medium Salsa | 2 tsp Fody’s Taco Seasoning | ¼ cup Fody’s Taco Sauce | ¼ tsp Fody’s Taco Seasoning
Fody’s Baked Gnocchi Arrabbiata with Homemade Meatballs,65CB7F13-7BBF-4F31-8FA1-E13B05D20109,1,ingredients,1 cup Fody’s Spicy Marinara (Arrabbiata) Sauce | 1 tbsp Fody’s Garlic Infused Olive Oil | 1 tsp Fody’s Garlic Infused Olive Oil
Fody’s Baked Sweet Potato Tacos with Black Lentils,C211F0EC-7B93-456A-9733-C57D28D64C5C,1,ingredients,1 tbsp Fody’s Shallot Infused Olive Oil | ½ cup Fody’s Taco Sauce | 1 tsp Fody’s Taco Seasoning | ½ cup Fody’s Medium Salsa
Fody’s BBQ  Homemade Smash Burgers,DB08BA90-8B23-44E4-87CC-C4A1E99815E5,1,ingredients,2 tbsp Fody’s Original BBQ Sauce | 2 tbsp Fody’s Steak Seasoning
Fody’s BBQ Chicken Tortilla Pizzas,CD06DD27-1AC0-449B-8313-6F9771CFF2E3,1,ingredients,"3 tbsp Fody’s Shallot Infused Olive Oil, divided | 1 cup Fody’s Original Ketchup"
Fody’s Beef Chili Cups,79677315-2808-420C-B548-24B247E3DE83,1,ingredients,1 tbsp Fody’s Shallot Infused Olive Oil | 1 ½ cups Fody’s Mild Salsa | 3 tbsp Fody’s Taco Sauce
Fody’s Beef Enchilada Nachos,2DDE545F-0316-4B19-8A1D-48AB8CEBB277,1,ingredients,1 tbsp Fody’s Shallot Infused Olive Oil | 1 cup Fody’s Enchilada Sauce | ½ cup Fody’s Salsa Verde
Fody’s Bloat-Free Veggie Burrito Bowl,61FBB487-4C08-4D2B-B777-C0329DC3245A,1,ingredients,"2 tsp Fody's Taco Seasoning, divided | ½ cup Fody's Medium Salsa"
Fody’s Bruschetta Pasta,EDBB123E-C7BF-4661-99E7-00F925E103EB,1,ingredients,"½ cup Fody’s Marinara Sauce | 2 tbsp Fody’s Garlic Infused Olive Oil, divided | 2 tbsp Fody’s Balsamic Dressing, divided"
Fody’s Build Your Own Nacho Bar,AAF4030F-432A-43AB-865B-9590A21B8490,1,ingredients,½ cup Fody’s Original BBQ Sauce | 1 tbsp Fody’s Shallot Infused Olive Oil | ½ cup Fody’s Original BBQ Sauce | ½ cup Fody’s Original BBQ Sauce | 1 tbsp Fody’s Garlic Infused Olive Oil
Fody’s Caprese Chicken Salad,88CDB798-FB96-4B1E-94B4-CCBCEA14F699,1,ingredients,¼ cup Fody’s Marinara Sauce | 2 tbsp Fody’s Garlic Infused Olive Oil
Fody’s Cheeseburger Stuffed Peppers,55320CF3-B107-4F93-A3D2-70C3E6D62E17,1,ingredients,1 tbsp Fody’s Ketchup
Fody’s Chicken Parm Slider Bake,3A556A25-5E0D-4B13-88DA-B3DD5B734FA8,1,ingredients,½ cup Fody’s Marinara Sauce | 2 tbsp Fody’s Garlic Infused Olive Oil
Fody’s Coconut Shrimp Tacos with Pineapple + Mild Salsa,4492A2E3-0B51-42BF-ADAA-D8CB6AAED6DC,1,ingredients,1 tbsp Fody’s Shallot Infused Olive Oil | ½ cup Fody’s Mild Salsa
Fody’s Copycat Big Mac Salad,48826D25-8552-41C7-A354-135AE558AF27,1,ingredients,2 tbsp Fody’s Original Ketchup | 2 tsp Fody’s Shallot Infused Olive Oil | ½ tsp Fody’s Lemon Herb Seasoning
Fody’s Creamy & Cheezy Taco Pasta,641AC446-07FB-489D-9D7C-BD8F7B38E9AA,1,ingredients,"1 tbsp Fody’s Garlic Infused Olive Oil | ¾ tsp Fody’s Taco Seasoning, to taste | 1/3 cup Fody’s Salsa Verde"
Fody’s Creamy One-Pot Pumpkin Orzo with Goat Cheese & Olive Salad,B0C4DF0C-0827-45C7-86D8-B742215F7934,1,ingredients,1 tbsp Fody’s Garlic Infused Olive Oil | 2 cups Fody’s Vegetable Broth | 1 jar Fody’s Tomato Basil | ¼ cup Fody’s Garlic Infused Olive Oil
Fody’s Creamy Tomato Basil Soup,D271422D-6594-4E57-AEF4-F40A61650808,1,ingredients,2 tbsp Fody’s Garlic Infused Olive Oil | 1 jar Fody’s Tomato Basil | 5 cups* water prepared with Fody’s Vegetable Soup Base
Fody’s Crispy Lime Chicken with Corn & Avocado Potato Salad,F39028AC-E1E4-4E6D-9300-DD05ED40A462,1,ingredients,"2 tsp Fody’s Taco Seasoning, divided | 3 tbsp + 1 tsp Fody’s Garlic Infused Olive Oil, divided | ½ cup Fody’s Salsa Verde"
Fody’s CrunchWrap Supreme – Gut-Friendly Copycat,7FAB15A6-9B17-441A-BF76-06B6A1DFAE8A,1,ingredients,1 tbsp Fody taco seasoning | 1/2 cup Fody Medium Salsa (or Mild - depending on your preferred heat level) | 1 tbsp Fody garlic-infused olive oil
Fody’s Easy Balsamic Glazed Salmon with Roasted Vegetables,9FE01CD0-A5A2-4202-A33F-00A5C1CF1663,1,ingredients,"3 tbsp Fody’s Shallot Infused Olive Oil, divided | ½ cup Fody’s Original Ketchup"
Fody’s Farmers Market Veggie Pizza,AD2F0E60-AA5D-4743-AED5-D3089278ABD6,1,ingredients,¼ cup Fody’s Marinara Sauce | 2 tbsp Fody’s Garlic Infused Olive Oil
Fody’s Game Day BBQ Quesadilla Platter,679856DF-A1FA-4099-9C1A-E5F7B14094F1,1,ingredients,½ cup Fody’s Original BBQ Sauce | 1 tbsp Fody’s Shallot Infused Olive Oil (for cooking the chicken) | ½ cup Fody’s Original BBQ sauce | 1 tbsp Fody’s Garlic Infused Olive Oil | ½ cup Fody’s Original BBQ Sauce | Your favorite Fody Salsas
Fody’s Gluten Free Homemade Chicken Nuggets with Zesty Ketchup,C8B6F966-589F-4D39-BED6-FBF2FE0DD8E1,1,ingredients,¼ cup Fody’s Ketchup
Fody’s Gluten-Free Seafood Linguine,DDBEA14E-6395-4E08-8E9F-D2975D1502D3,1,ingredients,1 Tbsp Fody shallot-infused olive oil | 1.5 cups Fody Low FODMAP marinara pasta sauce
Fody’s Grilled Chicken Burgers with Chipotle Ketchup,1C8807E2-7346-4D9D-996B-1AD6157A86CC,1,ingredients,½ cup Fody’s Original Ketchup
Fody’s Grilled Pineapple Taco Burgers,0BAEDA83-2440-4FA2-B524-2F22D74DACFD,1,ingredients,⅓ cup Fody’s Medium Salsa | 2 tsp Fody’s Garlic Infused Olive Oil | 1 tbsp Fody’s Taco Sauce | 2 tsp Fody’s Taco Seasoning
Fody’s Gut Healthy Antipasto Holiday Wreath,CF1A45A0-D7B3-456A-A774-96491FC77826,1,ingredients,¼ cup Fody’s Shallot Infused Olive Oil for dipping | ½ cup Fody’s Tomato Basil Sauce for dipping
Fody’s Gut Healthy Frittata Recipe with Zesty Potatoes,F2B42B28-2F6B-45FE-B0D4-B27CBE8361F7,1,ingredients,½ cup Fody’s Salsa Verde | 1 tbsp Fody’s Shallot Infused Olive Oil | ¼ cup Fody’s Taco Sauce
Fody’s Gut-Friendly Pasta with Lobster,9C6DE913-7549-41A9-998D-57464D1D1A12,1,ingredients,1 tbsp Fody’s Garlic Infused Olive Oil | ¼ cup Fody’s Marinara Sauce
Fody’s Healthy Caesar Salad with Pizza Croutons,93F37618-BED3-47AB-B8B2-C697FF2FCFA9,1,ingredients,2 tbsp Fody’s Garlic Infused Olive Oil | ¼ cup Fody’s Marinara Sauce | ¼ cup Fody’s Caesar Dressing
Fody’s Herbed Lamb Chops with BBQ Sauce & Roasted Veggies,D0ABAAA0-5D3C-42B5-BA46-7A79AD8A848B,1,ingredients,5 tbsp Fody’s Everyday Seasoning | 2 tbsp Fody’s Garlic Infused Olive Oil | ⅓ cup Fody’s Original BBQ Sauce (for serving) | 1 tbsp Fody’s Garlic Infused Olive Oil | 2 tsp Fody’s Everyday Seasoning
Fody’s Homemade Chia Pudding Parfaits,0C8C9D66-5B07-49D3-B9AA-91F1252885C5,1,ingredients,4 Fody’s Blueberry Almond Snack Bars
Fody’s Homemade Low-FODMAP Nachos with Avocado Salsa,3075DC29-3607-404F-BF4F-107C9E25E9FB,1,ingredients,1 tbsp Fody’s Shallot Infused Olive Oil | 2 tsp Fody’s Taco Seasoning | ½ cup Fody’s Mild Salsa | 2 tsp Fody’s Shallot Infused Olive Oil
Fody’s Homemade Steak Sandwich with Swiss + Arugula,3FC23BCC-8693-45C2-A994-0FF2F635871E,1,ingredients,"2 tbsp Fody’s Steak Seasoning, divided | 3 tbsp Fody’s Ketchup | 2 tsp Fody’s Caesar Dressing"
Fody’s Lemon Herbed Goat Cheese Bruschetta,444C553A-CAE1-4B15-90DC-CF7CF60597C7,1,ingredients,"2 tbsp Fody’s Garlic Infused Olive Oil, divided | ¼ cup Fody’s Tomato Basil Sauce | 1 tsp Fody’s Lemon Herb Seasoning"
Fody’s Loaded Veggie Pizza with Maple Dijon Salad,C59A1FEA-AB81-4032-8BB4-650933E78544,1,ingredients,½ cup Fody’s Tomato Basil Sauce | 1 tbsp Fody’s Garlic Infused Olive Oil | ¼ cup Fody’s Maple Dijon Dressing
Fody’s Low FODMAP BBQ Chicken Salad,20AE2EA8-ED12-473B-A95F-F9C90314E7B0,1,ingredients,"2 tbsp Fody’s Garlic Infused Olive Oil | 1 Fody’s Original BBQ | 1 cup Fody’s Maple Dijon Dressing, or to taste"
Fody’s Low FODMAP Fish Tacos with Avocado Mango Salsa,73939367-A042-4D64-8D31-6EC6A5C61194,1,ingredients,"1 tbsp Fody’s Shallot Infused Olive Oil | 2 tsp Fody’s Taco Seasoning | ¼ cup + 1 tbsp Fody’s Taco Sauce, divided | ½ cup Fody’s Medium Salsa | 1 tsp Fody’s Shallot Infused Olive Oil"
Fody’s Low FODMAP Flatbread Pizza with Grilled BBQ Tofu,4800A22C-615D-4FFB-ACA9-81F469963227,1,ingredients,"1 ½ tbsp Fody’s Garlic Infused Olive Oil, divided | ½ cup Fody’s Original BBQ Sauce, divided | 1 tsp Fody’s Everyday Seasoning"
Fody’s Low FODMAP Gnocchi with Feta & Olives,F68E44D8-64FE-493F-820B-FFEF7F22DC6A,1,ingredients,½ tbsp Fody’s Garlic Infused Olive Oil | 1 jar Fody’s Marinara Pasta Sauce
Fody’s Low FODMAP Grilled Steak Salad with Grilled Corn & Avocado,8F183267-1642-4E66-91F3-EE226E40A4B7,1,ingredients,1/4 cup Fody’s Original Ketchup | 1 tbsp Fody’s Shallot Infused Olive Oil | ¼ cup Fody’s Shallot Infused Olive Oil
Fody’s Low FODMAP Ranch Beef Burgers,4485393D-8C3B-4F58-B128-DA59D57ABDE2,1,ingredients,2 tbsp Fody’s Original Ketchup | 2 tsp Fody’s Ranch Seasoning | 3 tbsp Fody’s Shallot Infused Olive Oil | 3 tbsp Fody’s Original Ketchup
Fody’s Low FODMAP Tofu Veggie Kabobs with Chipotle Corn,E980603A-F153-48CD-B676-D0D472988181,1,ingredients,"3 ½ tbsp Fody’s Garlic Infused Olive Oil, divided | 2 tsp Fody’s Steak Seasoning | ½ cup Fody’s Original Ketchup"
Fody’s Low FODMAP Veggie Fiesta Coconut Rice,76547247-DD27-4F88-BC06-B52C8FBAFA1B,1,ingredients,"2 tbsp Fody’s Shallot Infused Olive Oil | ¼ cup Fody’s Medium Salsa | 1-2 tsp Fody’s Taco Seasoning, to taste"
Fody’s Low-FODMAP Chicken Quesadillas with Original BBQ Sauce,F04C65E7-B218-4A73-9F3F-931D8F359D84,1,ingredients,2 tbsp Fody’s Garlic-Infused Olive Oil | 2 tsp Fody’s Everyday Seasoning | ¾ cup of Fody’s Original BBQ Sauce
Fody’s Low-FODMAP Chipotle Chicken & Quinoa Skillet Recipe,9357B6E8-CD4A-4E5C-8FE1-C36FF97C0715,1,ingredients,"3 tbsp Fody’s Shallot Infused Olive Oil, divided | ¼ cup Fody’s Taco Sauce | ½ cup Fody’s Mild Salsa"
Fody’s Low-FODMAP Ground Beef & Potato Stew Recipe,3E685ED0-C526-4AF8-A284-1F03EF97CF08,1,ingredients,2 tbsp Fody’s Garlic Infused Olive Oil | 4 cups water prepared with Fody’s Chicken Soup Base | 2 Fody’s Original Ketchup | 1 Fody’s Caesar Dressing
Fody’s Low-FODMAP Shrimp Primavera Pasta,D86978DB-98E4-4D89-8076-15F4CD5AC1C1,1,ingredients,"2 tbsp Fody’s Garlic Infused Olive Oil, divided | 1 jar Fody’s Marinara | ⅓ cup Fody’s Garden Herb Salad Dressing"
Fody’s Low-FODMAP Shrimp Skewers with Citrus Herb Rice,27FCC998-57C6-4F2B-A545-D7A844440EFC,1,ingredients,"3 tbsp Fody’s Garlic Infused Olive Oil, divided | ¾ cup Fody’s Original Ketchup"
Fody’s Low-FODMAP Skillet Shrimp & Rice with Avocado,72C3A368-F4A6-4832-8D50-EA386D83507A,1,ingredients,"2 tbsp +1 tsp Fody’s Shallot Infused Olive Oil | 1 tbsp Fody’s Taco Seasoning, divided | ¼ cup Fody’s Enchilada Sauce | ⅓ cup Fody’s Salsa Verde"
Fody’s Low-FODMAP Tempeh & Cheese Baked Tacos with Avocado Salsa,61ED28A5-7D9F-4331-A941-E07EEED24E34,1,ingredients,"2-3 tsp Fody’s Taco Seasoning, to taste | 1/3 cup Fody’s Salsa Verde | 1 tbsp. + 1 tsp Fody’s Shallot Infused Olive Oil, divided"
Fody’s Low-FODMAP Tempeh & Potato Chili Recipe,07A953AF-4659-4124-AE17-448F9C995D1B,1,ingredients,2 tbsp. Fody’s Shallot Infused Olive Oil | 1 tsp Fody’s Taco Seasoning | 2 cups water prepared with Fody’s Vegetable Soup Base | 1 cup Fody’s Mild Salsa | ¼ cup Fody’s Taco Sauce
Fody’s Low-FODMAP Teriyaki Noodles with Salmon,F5CBC07A-317C-4FCB-B288-4CF548828F34,1,ingredients,"¾ cup Fody’s Teriyaki Sauce & Marinade, divided | 2 tbsp Fody’s Garlic Infused Olive Oil, divided | 1 tsp Fody’s Everyday Seasoning"
Fody’s Low-FODMAP Tomato Basil Flatbread Recipe,473C86C8-1C6A-43FB-81C8-9202FBCEF88C,1,ingredients,"2 tbsp. Fody’s Garlic Infused Olive Oil, divided | ½ cup Fody’s Tomato Basil | ¼ cup to 1 Fody’s Garden Herb Salad Dressing, to taste"
Fody’s Low-FODMAP Tomato Basil Orzo Veggie Soup Recipe,5AC516F0-4038-41CB-86A5-8EC6C4B18B5E,1,ingredients,2 tbsp. Fody’s Garlic Infused Olive Oil | 1 jar Fody’s Tomato Basil | 6 cups water prepared with Fody’s Vegetable Soup Base | 1 tbsp. Fody’s Everyday Seasoning
Fody’s Low-FODMAP Turkey & Spinach Sliders with Caesar Aioli,FC72588D-9471-4CCD-84C1-194F9DFAB56A,1,ingredients,1 tbsp. Fody’s Original Ketchup | 2 tbsp. Fody’s Garlic Infused Olive Oil for cooking | 2 tbsp Fody’s Caesar dressing | 2 tsp Fody’s Garlic Infused Olive Oil
Fody’s Maple BBQ Chicken + Roasted Veggie Salad,B4D8ECC0-9068-4D3C-ACC1-50EEA089A109,1,ingredients,½ cup Fody’s Original BBQ Sauce | ¼ cup Fody’s Maple Dijon Dressing
Fody’s Meatloaf with Herb-Roasted Butternut Squash,8E18B6FA-0E6F-4873-9D6F-C734F534AAB4,1,ingredients,"2 tbsp Fody’s Shallot Infused Olive Oil, divided | ½ cup Fody’s Original Ketchup | ½ cup Fody’s Medium Salsa | ¾ cup Fody’s Original Ketchup"
Fody’s Mediterranean Fish with Herbs,1E228540-5920-4BB8-A70F-2622C6A662F1,1,ingredients,2 tbsp Fody’s Garlic Infused Olive Oil | ½ cup Fody’s Tomato Basil Sauce
Fody’s One Pan Beef Taco Skillet,F76734B8-642B-4EF6-B7EF-CA3251C44AC8,1,ingredients,1 tbsp Fody’s Shallot Infused Olive Oil | ½ cup Fody’s Taco Sauce | 1 tbsp Fody’s Taco Seasoning | ½ cup Fody’s Mild Salsa
Fody’s One Pot Pasta with Sausage + Peppers,842F7FA1-35E5-4703-A12D-1F0845D0C8A9,1,ingredients,2 tbsp Fody’s Garlic Infused Olive Oil | ½ cup Fody’s Marinara Sauce
Fody’s One Pot Salsa Chicken Soup,1C2AA832-6CF4-44C9-9310-2B7C72B12C14,1,ingredients,1 tbsp Fody’s Shallot Infused Olive Oil | 2 tbsp Fody’s Taco Seasoning | 2 tbsp Fody’s Taco Sauce | 1 jar Fody’s Medium Salsa
Fody’s One Pot Veggie Pappardelle Bolognese,438D9644-6B52-4426-9CF7-BF16C66E3D3B,1,ingredients,1 tbsp Fody’s Garlic Infused Olive Oil | ½ cup Fody’s Vegan Bolognese sauce
Fody’s One-Pot Gnocchi Bolognese,313B1E43-736C-40C0-96B8-3F163B97F41E,1,ingredients,1 tbsp Fody's Garlic Infused Olive Oil | 1 jar Fody’s Vegan Bolognese
Fody’s Overnight Oats with Berries: A Low FODMAP Oats Recipe,3570E09D-114E-4309-A8EB-08B93A5819AD,1,name,
Fody’s Philly Cheesesteak Sloppy Joes,E7F88407-55EB-40C2-90A0-B8A3504949B1,1,ingredients,2 tbsp Fody’s Original Ketchup | 2 tsp Fody’s Steak Seasoning
Fody’s Pizza Bolognese with Blueberry  Arugula & Goat Cheese Salad,EF4370C6-49E2-482F-A5F0-5ACD70B029C7,1,ingredients,2 tbsp Fody’s Garlic Infused Olive Oil | ½ cup Fody’s Vegan Bolognese Sauce | ¼ cup Fody’s Balsamic Vinaigrette Dressing
Fody’s Pumpkin Minestrone Soup,383C85BC-D8C0-402C-B705-CC99AD18EF9D,1,ingredients,2 tbsp Fody’s Garlic Infused Olive Oil | 1 cup Fody’s Marinara Sauce
Fody’s Quinoa Veggie Sliders,235E5F13-07E2-4357-B5A2-BBE82959D5AD,1,ingredients,"2 tbsp + ¼ cup Fody’s Shallot Infused Olive Oil, divided | ¾ cup Fody’s Original Ketchup"
Fody’s Rotisserie Chicken & Avocado Wraps,8486A109-DDF5-4D4E-BD32-5683764FFF91,1,ingredients,"1 tbsp Fody’s Shallot Infused Olive Oil | 1 to 1 ½ Fody’s Taco Seasoning, to taste | ½ cup Fody’s Salsa Verde"
Fody’s Rustic Vegetable Soup with Tomato and Sausage,D71BF392-3564-4E0D-95EF-30D8C96FD713,1,ingredients,1 tbsp Fody’s Garlic Infused Olive Oil | 1 cup Fody’s Tomato Basil Sauce | 1 tbsp Fody’s Everyday Seasoning
Fody’s Salsa Verde Beef Meximelt (A Taco Bell Copycat Recipe),CA455754-8E61-4748-99FF-3D2F47B7128E,1,ingredients,3 tsp Fody’s Taco Seasoning | 2 tsp Fody’s Garlic Infused Olive Oil | ¾ cup Fody’s Salsa Verde
Fody’s Salsa Verde Chicken Tostadas,0571F98C-30C6-4DAD-9B85-71DDBC787F43,1,ingredients,1 tbsp Fody’s Shallot Oil | 2 tsp Fody’s Taco Seasoning | ½ cup Fody’s Salsa Verde
Fody’s Seared Teriyaki Tuna Steaks with Sauteed Kale,D0D69B55-BCC8-4D5B-A3A3-E7778DAC4B09,1,ingredients,2 tbsp Fody’s Teriyaki Sauce | 1 tbsp Fody’s Shallot Infused Oil | 1 tbsp Fody’s Everyday Seasoning | 2 tbsp Fody’s Shallot Infused Oil
Fody’s Sesame Ginger Skirt Steak with Herb-Roasted Carrots,3C2CEE88-BC9B-451E-8130-A528F5E4FD9C,1,ingredients,"2 Fody’s Sesame Ginger Marinade, divided | 5 tbsp Fody’s Shallot Infused Olive Oil, divided"
Fody’s Sheet Pan BBQ Chicken Thighs with Parmesan Truffle Fries,2333E296-6A45-4F08-873C-39255DC92FA8,1,ingredients,1 cup Fody’s Original BBQ Sauce | 1 tbsp Fody’s Shallot Infused Oil | 1 tbsp Fody’s Shallot Infused Oil
Fody’s Shrimp Fra Diavolo,AE013588-236D-4D44-B8D8-99C17D78D88F,1,ingredients,"2 tbsp Fody’s Garlic Infused Olive Oil, divided | 1 cup Fody’s Tomato Basil Sauce"
Fody’s Simple Sweet Potato Kale Chili,B9385A0F-C8AA-400C-B682-85AF3A31B2F4,1,ingredients,2 tbsp Fody’s Shallot Infused Olive Oil | 2 tbsp Fody’s Taco Seasoning | 2 cups water or Fody’s Vegetable Broth | 1 jar Fody’s Medium Salsa
Fody’s Skillet Cheeseburger Dip,A0EF9277-CE9B-4EE7-9BC7-C2A83763E65E,1,ingredients,2 tbsp Fody’s Ketchup
Fody’s Slow Cooker Pomegranate BBQ Short Ribs & Goat Cheese Polenta with Roasted Carrots,F45340BD-90ED-437E-9F92-DA9A05CD3A7B,1,ingredients,1 tbsp Fody’s Garlic Infused Olive Oil | 1 tbsp Fody’s Shallot Infused Olive Oil | 1 cup Fody’s Original BBQ Sauce
Fody’s Slow Cooker Vegetarian Chili,CE1FA72D-BA87-4A36-80B7-49B74FAD93A7,1,ingredients,1 cup Fody’s Vegan Bolognese Sauce | 1 tbsp Fody’s Garlic Infused Olive Oil
Fody’s Spaghetti Squash with Fried Aubergine,6270925B-9E43-4AAE-B652-CA7C598857EE,1,ingredients,"¼ cup Fody’s Garlic Infused Olive Oil, divided | 1 jar Fody’s Tomato Basil | 1/3 cup Fody’s Vegan Caesar"
Fody’s Spiced Oven-Baked Low FODMAP French Fries,283F9C3D-1ED0-4159-A730-B38CA62A4472,1,ingredients,2 tbsp Fody Low FODMAP Garlic-Infused Olive Oil | 1 1 Fody Low FODMAP Taco Spice Blend | Fody Low FODMAP Ketchup | Fody Low FODMAP Original Mild Salsa
Fody’s Spicy Mussels and Pasta with Garlic Bread,DE91B317-8323-4D4F-8D91-565A343D3780,1,ingredients,1 cup Fody’s Spicy Marinara Sauce | 1 tbsp Fody’s Garlic Infused Olive Oil | 4 tbsp Fody’s Garlic Infused Olive Oil
Fody’s Spicy Shrimp Marinara & Salad with Lemon Basil Vinaigrette,68FC1906-3FA5-40E5-89DB-E2B1AF116838,1,ingredients,"2 tbsp Fody’s Garlic Infused Olive Oil, divided | 1 jar Fody’s Marinara | ¼ cup Fody’s Garlic Infused Olive Oil"
Fody’s Spinach + Provolone BBQ Turkey Roulade,E9E04ACC-4D3C-4C6D-9919-532F7B22D338,1,ingredients,"3 tbsp Fody’s Original BBQ Sauce, divided | 2 tbsp Fody’s Garlic Infused Olive Oil, divided"
Fody’s Spring Salad with Slow Cooker Salsa Verde Chicken,3148FA85-49BA-4D2A-9F52-C855F6DBACA9,1,ingredients,½ cup Fody’s Salsa Verde | 2 tbsp Fody’s Shallot Infused Olive Oil
Fody’s Strawberry Arugula Salad with BBQ Toasted Pecans & Air Fryer Boardwalk Fries,C8D648ED-5252-4C94-B533-CAED60C639C9,1,ingredients,2 tbsp Fody’s Garlic Infused Olive Oil | 2 tbsp Fody’s Original BBQ Sauce | 1 tbsp Fody’s Garlic Infused Olive Oil | Fody’s Original Ketchup for serving
Fody’s Summer Garden Pasta,3D67ACD1-663C-46DA-A601-C2188C162C3F,1,ingredients,"2 tbsp Fody’s Garlic Infused Olive Oil, divided | ¼ cup Fody’s Tomato Basil Sauce"
Fody’s Sun-Dried Tomato Pasta with Tofu Ricotta & Spinach Salad,1761FB44-C3F1-4D42-9E5F-D4B939EF91C3,1,ingredients,"1 tbsp Fody’s Garlic Infused Olive Oil | 1 jar Fody’s Marinara | ¼ to 1 Fody’s Maple Dijon Dressing, to taste"
Fody’s Taco Spiced Grilled Veggies with Coriander Rice & Salsa Verde,060E0E99-2910-4440-95B3-7B23AFC09AAF,1,ingredients,"3 tsp Fody Foods Taco Seasoning, divided | 2 tbsp Fody Foods Garlic Infused Olive Oil | ¼ cup Fody Foods Taco Sauce | ¼ cup Fody Foods Salsa Verde"
Fody’s Tofu Taco Bowl,E5343421-6B96-4B91-B8B4-0C2C8C8C2F51,1,ingredients,"3 tbsp Fody’s Shallot Infused Olive Oil, divided | ¼ cup Fody’s Taco Sauce, divided | ½ cup Fody’s Mild Salsa | 2 tbsp Fody’s Ranch Seasoning"
Fody’s Tomato Basil Zoodle Spaghetti & Arugula Roasted Pepper Salad with Balsamic Dressing,AAB76AB1-AE9D-4449-A5F5-6A3382C1DA50,1,ingredients,"2 tbsp Fody’s Garlic Infused Olive Oil, divided | 1 jar Fody’s Tomato Basil | 1/3 cup Fody’s Balsamic Vinaigrette"
Fody’s Tortellini Vegetable Soup with Sausage,10EE9E04-68D0-411E-83B3-B566D4DFEF1F,1,ingredients,"1 tbsp Fody’s Garlic Infused Olive Oil, divided | 6-7 cups* Fody’s Chicken Broth | 1 jar Fody’s Spicy Marinara"
Fody’s Tortilla Bowl Taco Salad,2DE8C56B-4F22-437C-8F95-B01BCAA6FB89,1,ingredients,1 tbsp Fody’s Taco Seasoning | ¼ cup Fody’s Medium Salsa
Fody’s Tropical-Inspired Jamaican Jerk Burgers,4548FBD9-351A-42B2-89FE-C61918037FDC,1,ingredients,1 tbsp Fody’s Shallot Infused Olive Oil | ½ cup Fody’s Medium Salsa
Fody’s Turkey & Vegetable Stew,912E8FAF-0990-4FD0-BE5F-E901AB4249A5,1,ingredients,2 tbsp Fody’s Shallot Infused Olive Oil | 1 jar Fody’s Tomato Basil | 6 cups water prepared with Fody’s Chicken Soup Base
Fody’s Turkey Meatball Subs,D403BACF-9DCE-4D38-966D-8FE0E3A3E6CA,1,ingredients,1 tbsp Fody’s Steak Seasoning | ¼ cup Fody’s Ketchup | ½ cup Fody’s Marinara sauce
Fody’s Turkey Meatballs with BBQ Cranberry Sauce,37EF7CF3-63E2-4E8E-A95F-127883303AFD,1,ingredients,2 tbsp Fody’s Garlic Infused Olive Oil | 1 cup Fody’s Original BBQ Sauce
Fody’s Vegetarian Italian Ramen,E5367FA9-6BF9-463E-967D-02934E289748,1,ingredients,½ jar Fody’s Vegan Bolognese sauce | 2 tsp Fody’s Lemon Herb Seasoning | 2 tbsp Fody’s Garlic Infused Oil
Fody’s Vegetarian Pasta Salad,F9D5CFF4-BDF5-40AC-A858-EE9CE826479F,1,ingredients,¼ cup Fody’s Tomato Basil Sauce | 2 tbsp Fody’s Balsamic Dressing | 1 tbsp Fody’s Garlic Infused Olive Oil
Fody’s Vegetarian Taco Stuffed Potatoes,F636E5B8-D2FB-4F85-8E00-C9141249E7EA,1,ingredients,1 tbsp Fody’s Shallot Infused Olive Oil | 1 tbsp Fody’s Taco Seasoning | ½ cup Fody’s Medium Salsa
Garlicky Low FODMAP Hummus Recipe,31DFAA1D-F8A1-4D7D-A60B-6048C1370E78,1,ingredients,"1 Fody Garlic-Infused Olive Oil, plus extra for drizzling"
Gluten-free lime chicken and rice soup,C31A1057-F1E8-4DBD-AF8F-4187F1EC232C,0,optional_mention_in_ingredients,1.5 l chicken stock (I use Fody Foods low FODMAP chicken soup base)
Grilled Low FODMAP Chicken Caesar Salad,15B55D57-C0C4-4EAB-9CDF-1622EE896ED9,1,ingredients,"6 tbsp Fody Low FODMAP Garlic-Infused Olive Oil, divided | 1 Fody Low FODMAP Caesar Salad Dressing, divided"
Gut-Friendly BBQ Pulled Chicken Sandwiches with Coriander Slaw,767C6E31-21DC-4DB1-BF8C-9793D695AA35,1,ingredients,"1 cup Fody Low FODMAP BBQ Sauce, plus extra as optional"
Instant Pot Low FODMAP Tomato-Basil Pasta with Chicken,E482562A-C663-4239-96EC-A517B47AB0CA,0,ingredients,1 jar Fody Foods Low FODMAP Tomato and Basil Sauce | 2 tsp Fody Foods Low FODMAP Vegetable Soup Base
Low FODMAP Banana Bread,59A82D86-C88A-4B28-8AC6-8100ECB3A5BD,1,other,
Low FODMAP BBQ Chicken Lettuce Wraps,840AEEAB-30A4-4D7C-A20D-B101D677B93F,1,ingredients,"4 tbsp, Fody Foods Low FODMAP Barbeque Sauce"
Low FODMAP BBQ Chicken Meatloaf,F9F4D2C8-5701-4487-BCC0-E3663263B88E,1,ingredients,2 Tbsp Fody Foods Traditional Low FODMAP BBQ Sauce
Low FODMAP Beef Stew,DCF3E4D6-E076-418E-9E91-FBFAB2B8D46B,0,optional_mention_in_ingredients,2 cups low FODMAP broth (I like Fody Foods Vegetable Soup Base)
Low FODMAP BLT Pasta Salad,227BE308-F172-4C2E-BD23-0183D210A3CF,0,ingredients,½ cup Fody Foods Garden Herb Dressing // or see notes for a homemade option
Low FODMAP Braised Chicken in Tomato Sauce,DD0ABE85-A32A-4B9E-92DE-A865A6141D16,1,ingredients,Fody Garlic Infused Olive Oil | 2 19.4oz cans Fody Low FODMAP Marinara Sauce
Low FODMAP Brown Sugar BBQ Mustard-Glazed Ham,7ADC8641-AB81-46FC-970E-7657B6A1E783,1,ingredients,1/3 cup Fody BBQ Sauce | 3/4 tsp Fody Lemon & Herb Seasoning
"Low FODMAP Bruschetta Recipe - Tomato, Leek & Turkey",93A1460C-420D-4DA6-93DB-1EE8674807D2,1,ingredients,2 tsp Fody Low FODMAP Garlic Infused Olive Oil | 4 tbsp Fody Low FODMAP Tomato Basil Pasta Sauce
Low FODMAP Burgers with Bacon and BBQ Sauce,F14B8A2C-9F36-49F4-A246-A70D74610CDD,1,ingredients,1 tsp Fody Steak Spice Blend | 1/2 cup Fody's Low FODMAP BBQ Sauce
Low FODMAP Burrito Bowl with Chickpeas,CA62A26B-E679-4742-AD50-F3DCF4A74302,1,ingredients,2 tsp Fody Low FODMAP Taco Seasoning
Low FODMAP Cake Recipe: Flourless Chocolate Cake,C10BC438-25DB-4805-9BC0-EDEACB2ED07E,1,other,
Low FODMAP Cheese Pizza,0FEF86E7-F0D5-4E25-A716-E98029F279BC,0,optional_mention_in_ingredients,"½ cup homemade low FODMAP pizza sauce or jarred low FODMAP pasta sauce, such as Fody Foods Low FODMAP Tomato and Basil Sauce"
Low FODMAP Cheese Recipe: Baked Goat Cheese With Greens,17ACF864-30DA-4BCB-A73C-A0223851126B,1,ingredients,1 Fody Garlic-Infused Olive Oil | 1 tbsp Fody Lemon & Herb Seasoning | Fody Garden & Herb Salad Dressing or Caesar Dressing
Low FODMAP Chicken & Potato Grill Packet BBQ,47FE32D4-344D-472C-AFCC-0B434FDED3C1,1,ingredients,"1 tbsp + 2 tsp Fody Low FODMAP Garlic Infused Olive Oil | 1 tsp Fody Low FODMAP Steak Spice Blend, divided"
Low FODMAP Chili Recipe - Smokey Tempeh & Lentil,D683CB3F-D448-4C31-8902-463B89AEF851,1,ingredients,"2 tbsp Fody Low FODMAP Shallot-Infused Olive Oil, divided | 2 jars Fody Low FODMAP Marinara Sauce"
Low FODMAP Chimichurri,1482800E-CF69-41C4-B1B1-A1CD2B845111,0,ingredients,⅓ cup Fody Foods Garlic-Infused Olive Oil
Low FODMAP Chocolate Peppermint Krinkle Cookies,909BD430-8EA8-49CC-A67B-66ED760EE69E,1,other,
Low FODMAP Chocolate Shortbread Cookies,AC0BDBFD-C3A0-4682-8999-CF66325DB3F4,1,other,
Low FODMAP Chocolate Tart,1CC68864-EFC4-4283-8717-8C416614E400,1,other,
Low FODMAP Coconut Snowballs,C4133D42-39E3-47A6-8A5B-069488BF01C2,1,other,
Low FODMAP Cole Slaw with Pepitas,132DB769-37A7-49CA-B5AA-214C224BDE1E,1,ingredients,Fody Low FODMAP Salad Dressing of choice
Low FODMAP Coriander Lime Quinoa with Chicken,89F4791D-D9C6-4C7B-96AF-F16B8C59EA2B,0,optional_mention_in_ingredients,"2 cups + ¼ cup low FODMAP broth, divided (I use prepared Fody Foods Low FODMAP Vegetable Soup Base)"
Low FODMAP Cranberry-Almond Quinoa Salad,1B7887BC-BB3C-4368-9AF6-AAE986BF763B,0,ingredients,1 ½ tsp Fody Foods Low FODMAP Vegetable Soup Base
Low FODMAP Crostini with Lemon Thyme Goat Cheese,3C5CF0AA-6369-4E3A-9556-69ABC69987A0,1,optional_mention_in_ingredients,2 tbsp Fody Garlic-Infused Olive Oil or Fody Shallot-Infused Olive Oil
Low FODMAP Hamburger Vegetable Soup,28941967-30A7-44CC-9B67-549A221D6853,0,ingredients,1 tbsp Fody Foods Low FODMAP Vegetable Soup Base (or low FODMAP beef broth // see notes)
Low FODMAP Korean Tacos,2E3A16BD-C355-47EB-A845-583C7D046B20,0,ingredients,2 tsp Fody Foods Shallot-Infused Olive Oil | ½ cup Fody Foods Korean BBQ Sauce (or 1 batch homemade sauce // see notes for recipe)
Low FODMAP Parsnip Soup with Crispy Pork and Oyster Mushrooms,ABEFF3EC-1E5F-44F8-B8FE-5A42DB7AFA35,0,optional_mention_in_ingredients,6 cups low FODMAP broth (I use prepared Fody Foods Low FODMAP Vegetable Soup Base)
"Low FODMAP Pasta with Spinach, Prosciutto & Peas",F942D46A-2BB0-477E-96D6-BB5EAAE34895,1,ingredients,"1 tbsp Fody Garlic Infused Low FODMAP Olive Oil | 1 tbsp Fody Shallot Infused Low FODMAP Olive Oil, plus extra if needed"
Low FODMAP Pie Crust,E7D442F4-76B1-414A-9DAF-2D430099725A,1,other,
Low FODMAP Pork Paella,B50E8E9F-9361-419A-8FDB-3AF5C0CE1B99,0,optional_mention_in_ingredients,1 ½ cup low FODMAP broth (I use Fody's Low FODMAP Vegetable Broth)
Low FODMAP Potato Salad Recipe with Bacon,FA637790-B7A5-4416-B439-84E5FA61E143,1,ingredients,2 tbsp Fody's Shallot-Infused Olive Oil plus extra
Low FODMAP Pumpkin Pie,D6F75E2E-8E81-4FB1-B6B6-7ACF86192895,1,ingredients,1 Fody Low FODMAP Simple Pie Crust
Low FODMAP pumpkin tomato soup,47308319-1209-410F-9493-9B68B06D4690,0,optional_mention_in_ingredients,1 l low FODMAP stock (I use FODY’s vegetable soup base)
Low FODMAP Quiche with Bacon & Leeks,149C30D8-6EC9-4638-B01A-08A1D06AD059,1,ingredients,1 tbsp FODY Shallot Infused Olive Oil
Low FODMAP Quinoa Salad With Kale & Sweet Potato,0BFA0100-A571-41DC-8BA7-87D4191F4EAE,1,ingredients,1 ½ tsp Fody Foods Low FODMAP Vegetable Base | ½ cup Fody Foods Low FODMAP Maple Dijon Salad Dressing
Low FODMAP Ricotta and Marinara Appetizer,068C0582-FD0B-45F7-AC9F-0C248E1A7D22,1,ingredients,1 Jar Fody's Low FODMAP Tomato Basil Sauce
Low FODMAP Salad with Roasted Squash & Kale,D52E78D8-C0B9-40DB-85F0-B7C0AC74B47C,1,ingredients,2 tbsp FODY Garlic Infused Olive Oil or FODY Shallot Infused Olive Oil | About 1/3 cup FODY Maple Dijon Dressing or Garden Herb Dressing
Low FODMAP Salsa Verde Skillet Eggs,F5E838C6-5F55-4E31-A15B-EDE802FB7FDA,0,ingredients,½ cup Fody Foods Low FODMAP Salsa Verde
Low FODMAP Shakshuka Recipe,BA4E5A3A-2603-4F66-9A06-2550EA609F3A,1,ingredients,3 tbsp Fody Low FODMAP Garlic-Infused Olive Oil | 1 cup Fody Original Mild Low FODMAP Salsa
Low FODMAP Sheet Pan Nachos,3BECF9B3-7CEE-43F8-A9C4-C882A3925412,0,ingredients,Fody Foods Low FODMAP Salsa | Fody Foods Low FODMAP Taco Sauce
Low FODMAP Shepherd’s Pie Recipe with Baked Potato,3642842A-AE81-44C8-8411-D5BA809BEB14,1,ingredients,1 Fody Low FODMAP BBQ Sauce
Low FODMAP Shrimp Tacos with Green Enchilada Sauce,6B7070FD-049F-4D45-AA6F-F37DB869F65B,1,ingredients,1 tbsp Fody Garlic or Shallot-Infused Olive Oil | 1/2 tsp Fody Taco Seasoning | ½ cup Fody Green Enchilada Sauce
Low FODMAP slow cooker chicken chili,D5455012-A5DA-474C-9F9C-4BBEA8A85AA5,0,optional_mention_in_ingredients,300 ml stock (I use Fody Foods chicken soup base)
Low FODMAP Snickerdoodle White Chocolate Blondies,3EFC4AB2-E0D4-4114-9974-139FA899D3E9,1,other,
Low FODMAP Steak & Veggie Gorgonzola Pasta,DCEACCF7-AB89-4F8D-B242-7F9183716900,1,ingredients,1 tsp Fody Low FODMAP Steak Spice Blend | 1 tsp Fody Low FODMAP Infused Oil
Low FODMAP Stir Fry with Chicken & Peppers,815C50C1-FC16-472E-A705-5AD64D05142D,1,ingredients,"1 tbsp plus 2 tsp FODY Garlic-Infused Olive Oil, divided"
Low FODMAP Stuffed Vegetable Courgette Boats,D71079D7-9526-400A-BD7A-A007A3FCAD10,1,ingredients,1 ½ cups Fody Low FODMAP Marinara or Low FODMAP Tomato Basil Sauce
Low FODMAP Supreme Pizza Quinoa Bites,DA3F98F5-ECA9-41BE-A2FD-E4254F4BB075,1,ingredients,½ cup + 2 tbsp Fody’s Low FODMAP Marinara Pasta Sauce
Low FODMAP Sweet Chili Tofu Bowls,A3D5FB0E-1BBC-4F87-A6A8-975239170FDB,0,other,
Low FODMAP Taco Salad Recipe,C72DCE10-70F3-40EB-9B3A-4B35256E8AD6,1,ingredients,2 heaping tsp of Fody Low FODMAP Taco Seasoning | 1 tsp Fody Taco Sauce
Low FODMAP Thai Peanut Noodles with Turkey,AA9F328E-2AD5-48DD-A3BB-29891AFAAE47,0,optional_mention_in_ingredients,½ cup low FODMAP broth (I use prepared Fody Foods Low FODMAP Vegetable Soup Base)
Low FODMAP Tomato Soup with Corn & Basil,042A0E2D-EFFE-4BA0-A0A6-27E110BB1308,1,ingredients,"5 tbsp FODY Garlic-Infused Olive Oil, divided | 1 tbsp plus 2 tsp FODY Vegetable Soup Base or Chicken Soup Base"
Low FODMAP Tropical Smoothie Bowl,2C8A6E8B-3054-4289-B773-BB577C1F708A,1,ingredients,1 Fody Foods Almond Coconut Snack Bar
Low FODMAP vegetarian tortilla soup,BB29EE89-DDD4-47BC-9E74-252A698288F2,0,optional_mention_in_ingredients,1 l vegetable broth (use a low FODMAP soup base such as this one from Fody)
Low FODMAP White Cake with Strawberries & Sprinkles,3080A59D-CE52-4A67-8146-C3A63F886478,1,other,
"Low FODMAP, Gluten-Free Strawberry Shortcake with Cornmeal Biscuits",7CF3CF1F-7B79-4C22-8BB1-A616A0023801,1,other,
Low-FODMAP Chicken Teriyaki Bites,FF849370-ED57-43C8-86AE-2CF755258820,1,ingredients,"¾ cup Fody’s Teriyaki Sauce & Marinade, divided | 1 tbsp + 1 tsp Fody’s Everyday Seasoning, divided | 2 tbsp Fody’s Shallot Infused Olive Oil"
Marinated Low FODMAP Mozzarella & Olives,0E4D3C59-B02D-49C9-AE07-97AA53AE2B5B,1,ingredients,3 Fody Low FODMAP Garlic-Infused Olive Oil | 3 Fody Low FODMAP Shallot-Infused Olive Oil | 1 tsp Fody Low FODMAP Lemon & Herb Seasoning
Meal - Beef Tacos,95264BAE-026C-453F-B443-500F2860934E,0,optional_mention_in_ingredients,1 tsp chili powder (check label for onion/garlic powder; Gourmend and Fody are clean)
Meal - Chicken Enchiladas,5FE35919-D630-4B8C-831C-85AAC9E34EF5,0,optional_mention_in_ingredients,"3 tbsp chili powder (check label for onion/garlic powder; Gourmend and Fody are clean, or use pure ground ancho)"
Mummified Low FODMAP Cupcakes,15340DEB-7A51-4B2C-A45B-FCFD44785F09,1,other,
Savory Overnight Low FODMAP French Toast,98296A32-6C96-405B-B689-34FD77B6303B,1,ingredients,1 tbsp Fody Shallot-Infused Olive Oil
Slow Cooker Low FODMAP Chicken Soup,E7445D44-B376-40E2-9901-ABBEEDC292E5,1,ingredients,"2 tbsp FODY Chicken Soup Base | 2 tbsp FODY Garlic Infused Olive Oil or FODY Shallot Infused Olive Oil, divided | 1 1/2 tsp FODY Lemon & Herb Seasoning, more to taste"
Slow Cooker Low FODMAP Salsa Chicken,C5AC20A6-4A5E-45DC-BF5A-68BB28A71FB9,1,ingredients,1/2 Jar Fody Foods Low FODMAP Salsa
Slow Cooker Low FODMAP Short Ribs,BCED329E-6768-4D30-8AC7-C68D0F982EAB,1,ingredients,"1, 19.4-oz jar FODY Low FODMAP Tomato & Basil Pasta Sauce | 2 tbsp FODY Low FODMAP Garlic-Infused Olive Oil, divided | 2 tsp FODY Low FODMAP Chicken Soup Base"
"Slow Cooker, Low FODMAP Pulled Pork Tacos",3A89C76D-9ADC-4828-9278-D54DAB3943F7,1,ingredients,1 jar Fody Mild Low FODMAP Salsa | Extra Fody salsa!
Sweet & Sour Air Fried Chicken Wings,C492DAE5-014D-4E15-BE91-556403B9D71A,1,ingredients,2 Tbsp Fody’s Garlic-Infused Olive Oil | ¼ cup Fody's Original Ketchup
Sweet Soy Low FODMAP Braised Chicken,EE195593-4EC7-488F-8C19-30467A152740,1,ingredients,1/2 cup Fody Low FODMAP BBQ Sauce
